Название книги,Автор,Издательство,Цена со скидкой,Цена без скидки
Python-интенсив. 50 быстрых упражнений,Лернер Реувен,АСТ:Программирование для всех,902₽,1 236₽
Основы программирования на языке PascalABC.NET. Основные управляющие структуры. Практикум,Ковалёва Зося Александровна,Лань:Компьютеры и программное обеспечение,695₽,1 544₽
Реализация многопоточности в языке Java. Учебное пособие для вузов,Федоричев,Лань:Компьютеры и программное обеспечение,407₽,905₽
Криптографические протоколы. Схемы разделения секрета. Учебное пособие,Рацеев Сергей Михайлович,Лань:Информационная безопасность,1 712₽,3 804₽
В поисках эффекта. Планирование экспериментов и причинный вывод в статистике,Хантингтон-Клейн Ник,,3 199₽,7 108₽
Программирование в примерах и задачах. Учебное пособие для вузов,Маран,Лань:Компьютеры и программное обеспечение,1 854₽,4 119₽
BDD в действии,Смарт,,2 781₽,6 179₽
Алгоритмы и структуры для массивных наборов данных,Меджедович,,2 224₽,4 943₽
Math CAD и Python. Обучение по технологии STEM. Учебное пособие,Очков,Лань:Компьютеры и программное обеспечение,4 860₽,10 801₽
Разработка серверной части веб-ресурса.Учебное пособие,Никулин,Лань:Компьютеры и программное обеспечение,1 553₽,3 452₽
Реализации некоторых криптосистем и корректирующих кодов. Учебное пособие,Рацеев Сергей Михайлович,Лань:Компьютеры и программное обеспечение,2 052₽,4 561₽
Логистические системы. Анализ и синтез структурно-функционального облика. Учебное пособие,Лысенков Александр Иванович,Лань:Логистика,1 569₽,3 486₽
Методы восстановления непараметрической регрессии в условиях несбалансированных данных. Монография,Пылов,,811₽,1 803₽
Азбука программирования игр в UNITY 3D,Рубочкин Владимир,,557₽,1 238₽
"Знакомьтесь, Python. Секреты профессии",Павлов Евгений Иванович,АСТ:Программирование для всех,759₽,1 040₽
Эволюционное глубокое обучение. Генетические алгоритмыи нейронные сети,Лэнхэм Майкл,,2 781₽,6 179₽
Численные методы безусловной оптимизации. Учебное пособие,Каныгин,,999₽,2 221₽
ESP32-C3. Беспроводное приключение. Полное руководство по IoT,,,2 224₽,4 943₽
Linux для сетевых инженеров,Ванденбринк Роб,Питер:Библиотека программиста,2 239₽,2 799₽
Практикум. Демонстрационный экзамен базового уровня. Сетевое и системное администрирование. СПО,Уймин Антон Григорьевич,Лань:Компьютеры и программное обеспечение,1 366₽,3 035₽
Программная инженерия. Интеграционный подход к разработке. Учебник,Турнецкая,Лань:Компьютеры и программное обеспечение,1 540₽,3 422₽
Моделирование информационных систем. Unified Modeling Language. Учебное пособие для вузов,,Лань:Компьютеры и программное обеспечение,713₽,1 585₽
Производство программ. Инженерный подход. Монография,Охтилев,,754₽,1 675₽
BLAZOR в действии,Сэйнти Крис,,2 224₽,4 943₽
Сверхбыстрый Python. Эффективные техники для работы с большими наборами данных,Антао Тиаго,,2 503₽,5 563₽
Грокаем функциональное программирование,Плахта Михаил,Питер:Библиотека программиста,1 903₽,2 379₽
Информационная безопасность. Защита и нападение,Бирюков Андрей Александрович,,2 085₽,4 634₽
"Java. устранение проблем. Чтение, отладка и оптимизация JVM-приложений",Спилкэ Лауренциу,,2 085₽,4 634₽
Архитектура встраиваемых систем,Лакамера Даниэле,,2 085₽,4 634₽
"Проектирование в Платформе nanoCAD с модулями ""механика"" и ""3D"". Учебное пособие",Кувшинов Николай Сергеевич,,1 391₽,3 091₽
100 ошибок Go и как их избежать,Харшани Тейва,Питер:Для профессионалов,2 632₽,3 290₽
"Golang для профи. Создаем профессиональные утилиты, параллельные серверы и сервисы",Цукалос Михалис,Питер:Для профессионалов,3 495₽,4 369₽
Машинное зрение. Основы и алгоритмы с примерами на Matlab,Корк Питер,,3 365₽,7 478₽
Изучаем RAY. Гибкие распределенные вычисления на Python в машинном обучении,Пумперла,,1 947₽,4 326₽
Основы объектно-ориентированного программирования на базе языка С#. Учебное пособие,Залогова Любовь Алексеевна,Лань:Учебники для вузов. Специальная литература,1 110₽,2 466₽
Разработка SCADA-систем. Учебное пособие,Кангин,,1 434₽,3 186₽
PHP и MYSQL. Серверная веб-разработка,Дакетт Джон,Бомбора:Мировой компьютерный бестселлер,2 772₽,3 797₽
Pyomo. Моделирование оптимизации на Python,Бинум,,1 668₽,3 707₽
Запускаем Ansible. Простой способ автоматизации управления конфигурациями,Мейер,,2 781₽,6 179₽
Изучаем vi и Vim. Не просто редакторы,Роббинс,Питер:Библиотека программиста,2 688₽,3 446₽
Основы вычислений и программирования в пакете MathCAD PRIME. Учебное пособие,Воскобойников,Лань:Учебники для вузов. Специальная литература,1 598₽,3 550₽
Современные подходы в программировании при создании интерактивной анимации на С# и Unity,Курбанисмаилов Заур Магомедович,Лань:Компьютеры и программное обеспечение,1 482₽,3 294₽
"Clojure на производстве. Зипперы, базы данных, REPL",Гришаев Иван,,1 947₽,4 326₽
Проектирование информационных систем. Основы управления проектами. Лабораторный практикум,Баллод,Лань:Компьютеры и программное обеспечение,629₽,1 397₽
Компьютерная геометрия и графика в web-разработке. Учебное пособие для СПО,Васильев Николай Павлович,Лань:Компьютеры и программное обеспечение,968₽,2 150₽
Создание игровой логики. Практикум,Капанов,Лань:Компьютеры и программное обеспечение,380₽,845₽
Компьютерное моделирование химико-технологических процессов в программе Aspen Plus,Перерва,Лань:Компьютеры и программное обеспечение,2 307₽,5 126₽
Создание игровой логики. Практикум,Капанов,Лань:Компьютеры и программное обеспечение,380₽,845₽
Компьютерная геометрия и графика в web-разработке. Учебное пособие,Васильев Николай Павлович,Лань:Компьютеры и программное обеспечение,1 112₽,2 471₽
Разработка защищенных программных средств информатизации производственных процессов предприятия,Бабушкин,,1 024₽,2 276₽
Современный подход к программной архитектуре. Сложные компромиссы,Ричардс,Питер:Для профессионалов,3 125₽,3 906₽
OpenSSL 3. Ключ к тайнам криптографии,Хлебников Алексей,,2 085₽,4 634₽
Julia в качестве второго языка,Энгхейм Эрик,,2 643₽,5 873₽
Защита и укрепление Linux,Треволт Дональд А.,,2 781₽,6 179₽
JavaScript. Рецепты для разработчиков,Скотт,Питер:Бестселлеры O`Reilly,2 539₽,3 255₽
"97 вещей, о которых должен знать каждый Java-программист",Хенни,Бомбора:Мировой компьютерный бестселлер,1 062₽,1 455₽
Безопасность веб-приложений. Исчерпывающий гид для начинающих разработчиков,Янка Таня,Бомбора:КиберБез. Лучшие книги о безопасности в сети,1 165₽,1 596₽
Линейное программирование. Часть 1. Учебное пособие для бакалавриата,Шандра Игорь Георгиевич,,423₽,941₽
Level up! Руководство по созданию классных видеоигр,Роджерс Скотт,Бомбора:Мировой компьютерный бестселлер,1 590₽,2 178₽
Современный С++. Безопасное использование,Лакос,,3 635₽,8 078₽
Модернизация Java Enterprise. Облачные технологии для разработчиков,Эйзеле,Питер:Бестселлеры O`Reilly,2 114₽,2 710₽
NeoBook. Практикум по быстрому программированию с нуля,Лёвкин Вадим Евгеньевич,,531₽,1 181₽
Разработка веб-приложений с Quarkus и React,Марк Нури Сан Феликс,,1 947₽,4 326₽
Разработка приложений с графическим пользовательским интерфейсом на языке Python. Учебное пособие,Букунов,Лань:Компьютеры и программное обеспечение,498₽,1 107₽
Инструментальные средства инфокоммуникационных систем. Теория и практика. Учебное пособие,Заяц,Лань:Компьютеры и программное обеспечение,2 224₽,4 943₽
Программирование микропроцессорных систем на языке С-51. Учебное пособие,Микушин Александр Владимирович,Лань:Компьютеры и программное обеспечение,1 011₽,2 247₽
Программирование микропроцессорных систем на языке С-51. Учебное пособие для СПО,Микушин Александр Владимирович,Лань:Компьютеры и программное обеспечение,879₽,1 954₽
Программирование микропроцессорных систем на языке ASM-51. Учебное пособие для вузов,Микушин Александр Владимирович,Лань:Компьютеры и программное обеспечение,363₽,806₽
Программирование микропроцессорных систем на языке ASM-51. Учебное пособие для СПО,Микушин Александр Владимирович,Лань:Компьютеры и программное обеспечение,315₽,700₽
Кодер с улицы. Правила нарушать рекомендуется,Капаноглу Седат,Питер:Библиотека программиста,1 972₽,2 528₽
"Тайная жизнь программ. Как создать код, который понравится вашему компьютеру",Стейнхардт Пол,Питер:Для профессионалов,3 333₽,4 273₽
Разработка игр на языке JavaScript. Учебное пособие,Беляев Сергей Алексеевич,Лань:Компьютеры и программное обеспечение,653₽,1 450₽
Информационные технологии в инженерных расчетах. SMath и Python. Учебное пособие,Очков,Лань:Компьютеры и программное обеспечение,2 183₽,4 852₽
Языки программирования. Python. Решение сложных задач. Учебное пособие для вузов,Борзунов,Лань:Компьютеры и программное обеспечение,1 370₽,3 044₽
Языки программирования. Python. Решение сложных задач. Учебное пособие для СПО,Борзунов,Лань:Компьютеры и программное обеспечение,1 192₽,2 648₽
Практикум по программированию на PascalABC.NET,Савина Елена Владимировна,,392₽,870₽
React. Быстрый старт,Стефанов Стоян,Питер:Бестселлеры O`Reilly,2 528₽,
"Роберт Мартин рекомендует. Код, который умещается в голове. Эвристики для разработчиков",Симан Марк,Питер:Библиотека программиста,2 891₽,
Трехмерное глубокое обучение на Python,Ма,,1 807₽,4 016₽
Интеллектуальные обучающие системы на основе интегрированных экспертных систем,Рыбина Галина Валентиновна,,407₽,905₽
Цифровизация процессов управления  медико-гигиеническими рисками на производственных предприятиях,Шипилов Игорь Викторович,,1 096₽,2 435₽
GPT-3. Руководство по использованию API Open AI,Кублик,,1 112₽,2 471₽
Docker Compose для разработчика,Гадзурас Эммануил,,1 668₽,3 707₽
Безопасность ASP. NET Core,Венц Кристиан,,2 433₽,5 407₽
Разработка интеллектуальных систем для обработки сигналов с датчиков давления. Монография,Пылов,,779₽,1 730₽
Linux. Командная строка. Лучшие практики,Барретт Дэниел Джей,Питер:Бестселлеры O`Reilly,2 181₽,
Python для data science,Васильев Юлий,Питер:Библиотека программиста,2 164₽,
Моделирование и анализ в среде R с использованием пакета Shiny. Учебно-методическое пособие,Лукьянов Павел Борисович,,484₽,1 076₽
DAX для профессионалов. Теория и практика. Выведи свои аналитические навыки в Microsoft Power BI,Розема,,2 433₽,5 407₽
Django 4 в примерах. Разрабатывайте мощные и надежные веб-приложения на Python с нуля,Меле Антонио,,3 365₽,7 478₽
Введение в автоматизированное машинное обучение (AutoML),Хуттер,,2 085₽,4 634₽
Java. Руководство для начинающих,Шилдт Герберт,,2 420₽,5 378₽
Технология Java Card для смарт-карт. Архитектура и руководство программиста,Чен Жикун,Техносфера:Мир программирования,205₽,456₽
Методы анализа логических корреляций для САПР цифровых КМОП СБИС,Гаврилов Сергей Витальевич,Техносфера:Мир цифровой обработки,174₽,386₽
Цифровые видеоинформационные системы. Теория и практика,Дворкович,Техносфера:Мир цифровой обработки,1 008₽,2 240₽
Цифровая обработка сигналов атомарными функциями и вейвлетами,Кравченко,Техносфера:Мир цифровой обработки,615₽,1 366₽
JavaScript с нуля до профи,Свекис,Питер:Библиотека программиста,2 268₽,2 908₽
Python для финансистов,Хилпиш Ив,Питер:Бестселлеры O`Reilly,2 637₽,
Новые возможности JavaScript. Как написать чистый код по всем правилам современного языка,Краудер Ти Джей,Бомбора:Мировой компьютерный бестселлер,1 862₽,2 551₽
JavaScript. Креативное программирование. Учебное пособие для вузов,Янцев Валерий Викторович,Лань:Компьютеры и программное обеспечение,1 654₽,3 676₽
JavaScript. Креативное программирование. Учебное пособие,Янцев Валерий Викторович,Лань:Компьютеры и программное обеспечение,1 439₽,3 198₽
Машинно-ориентированные языки программирования. Введение в ассемблер. Учебное пособие,Бунаков Павел Юрьевич,Лань:Компьютеры и программное обеспечение,1 027₽,2 283₽
Машинно-ориентированные языки программирования. Введение в ассемблер. Учебное пособие,Бунаков Павел Юрьевич,Лань:Компьютеры и программное обеспечение,894₽,1 986₽
Программирование. Лабораторный практикум. Учебное пособие,Рацеев Сергей Михайлович,Лань:Компьютеры и программное обеспечение,742₽,1 649₽
Программирование. Лабораторный практикум. Учебное пособие,Рацеев Сергей Михайлович,Лань:Компьютеры и программное обеспечение,645₽,1 434₽
Программирование. Основы Python для инженеров. Учебное пособие для вузов,Никитина,Лань:Компьютеры и программное обеспечение,874₽,1 943₽
Программирование. Основы Python. Учебное пособие для СПО,Никитина,Лань:Компьютеры и программное обеспечение,761₽,1 691₽
Разработка приложений с графическим пользовательским интерфейсом на языке Python. Учебное пособие,Букунов,Лань:Компьютеры и программное обеспечение,444₽,986₽
C++ для IT-профессий. Учебник,Дирк Харди,Фолиант:Профессиональное образование,2 189₽,
Java для IT-профессий. Учебник,Дирк Харди,Фолиант:Профессиональное образование,3 676₽,
Создание микросервисов,Ньюмен Сэм,Питер:Бестселлеры O`Reilly,2 408₽,3 010₽
Усовершенствованные структуры данных,Брасс Петер,,2 781₽,6 179₽
Рекурсивная книга о рекурсии,Свейгарт Эл,Питер:Библиотека программиста,2 268₽,2 908₽
MySQL по максимуму,Ботрос,Питер:Бестселлеры O`Reilly,2 921₽,3 745₽
Software. Ошибки и компромиссы при разработке ПО,Лелек,Питер:Библиотека программиста,3 262₽,4 182₽
Python для хакеров. Нетривиальные задачи и проекты,Воган Ли,Питер:Библиотека программиста,1 972₽,2 528₽
Методы линейного программирования,Божко,,366₽,814₽
Освоение Lightning Network. Протокол второслойной блочной цепи для мгновенных Bitcoin-платежей,Антонопулос,,2 781₽,6 179₽
Паттерны проектирования API,Гивакс Джей Джей,Питер:Библиотека программиста,4 274₽,
Apache Kafka. Потоковая обработка и анализ данных,Шапира,Питер:Бестселлеры O`Reilly,2 436₽,3 045₽
Python и анализ данных,МакКинни Уэс,,2 503₽,5 563₽
Алгоритмы,Эриксон Джефф,,2 781₽,6 179₽
Алгоритмы принятия решений,Кохендерфер,,3 365₽,7 478₽
Идиомы bash,Олбинг,Питер:Бестселлеры O`Reilly,1 417₽,1 817₽
Алгоритмы биоинформатики,Компо,,3 337₽,7 416₽
Предварительная подготовка данных в Python. Том 1. Инструменты и валидация,Груздев Артем Владимирович,,3 337₽,7 416₽
"Предварительная подготовка данных в Python. Том 2. План, примеры и метрики качества",Груздев Артем Владимирович,,3 337₽,7 416₽
Прогнозирование. Принципы и практика,Хайндман,,2 503₽,5 563₽
Прикладные нейро-нечеткие вычислительные системы и устройства,Бобырь,ИНФРА-М:Научная мысль,1 452₽,3 226₽
"Красивый C++. 30 главных правил чистого, безопасного и быстрого кода",Дэвидсон,Питер:Для профессионалов,3 619₽,
Глубокое обучение с R и KERAS,Шолле Франсуа,,2 781₽,6 179₽
Power BI. Передовые методы оптимизации,Мерчант Бхавик,,1 947₽,4 326₽
"Разработка веб-приложений GraphQL с React, Node.js и Neo4j",Лион Уильям,,2 085₽,4 634₽
Unity в действии. Мультиплатформенная разработка на C#,Хокинг Джозеф,Питер:Для профессионалов,2 070₽,2 654₽
Объекты. Стильное ООП,Нобак Маттиас,Питер:Библиотека программиста,2 710₽,
Алгоритмы на практике. Решение реальных задач,Зингаро Даниэль,Питер:Библиотека программиста,2 637₽,
Современная программная инженерия. ПО в эпоху эджайла и непрерывного развертывания,Фарли Дэвид,Питер:Для профессионалов,3 000₽,
Внутри Cpython. Гид по интерпретатору Python,Шоу Энтони,Питер:Библиотека программиста,2 528₽,
"40 алгоритмов, которые должен знать каждый программист на Python",Ахмад Имран,Питер:Библиотека программиста,2 501₽,
Грокаем функциональное мышление,Норманд Эрик,Питер:Библиотека программиста,3 272₽,
Структуры данных в С++. Учебное пособие,Русакова,,366₽,814₽
Фундаментальные основы хакерства. Анализ программ в среде Win64,Касперски,Солон-пресс:Программирование,2 783₽,6 184₽
Основы компьютерного моделирования и визуализации + Электронное приложение,Борзяк,Лань:Компьютеры и программное обеспечение,3 394₽,7 543₽
UX/UI дизайн для создания идеального продукта. Полный и исчерпывающий гид,Шуваев Ярослав Александрович,Бомбора:Библиотека цифровой трансформации,1 407₽,1 928₽
Грокаем алгоритмы искусственного интеллекта,Харбанс Ришал,Питер:Библиотека программиста,2 219₽,
Сделай видеоигру один и не свихнись,Грис Слава,АСТ:Видеоигры: глубокое погружение,694₽,951₽
C# 10 и .NET 6. Современная кросс-платформенная разработка,Прайс Марк Дж.,Питер:Для профессионалов,3 797₽,4 746₽
Computer Science для программиста-самоучки. Все что нужно знать о структурах данных и алгоритмах,Альтхофф Кори,Питер:Библиотека программиста,1 810₽,
Непрерывное развитие API. Правильные решения в изменчивом технологическом ландшафте,Меджуи,Питер:Бестселлеры O`Reilly,3 795₽,4 865₽
Head First. Изучаем Swift,Мэннинг,Питер:Head First (O'Reilly),2 807₽,3 599₽
Kubernetes изнутри,Вьяс,,2 085₽,4 634₽
С++ 20 в деталях,Райнер Гримм,,2 503₽,5 563₽
"Математические алгоритмы для программистов. 3D-графика, машинное обучение и моделирование на Python",Орланд Пол,Питер:Библиотека программиста,4 455₽,
Pandas в действии,Пасхавер Борис,Питер:Библиотека программиста,2 738₽,3 510₽
JavaScript и PHP. Content management system + Электронное приложение. Учебное пособие,Янцев Валерий Викторович,Лань:Компьютеры и программное обеспечение,1 698₽,3 774₽
Цифровая обработка изображений в OpenCv. Практикум. Учебное пособие,Матвеев Александр Иванович,Лань:Компьютеры и программное обеспечение,679₽,1 508₽
Алгоритмы и программы. Язык С++. Учебное пособие,Конова,Лань:Учебники для вузов. Специальная литература,1 682₽,3 737₽
Java. Полное руководство,Шилдт Герберт,,3 227₽,7 170₽
JavaScript для начинающих,МакГрат Майк,Бомбора:Мировой компьютерный бестселлер (обложка),965₽,1 322₽
Интерактивные дашборды и приложения с Plotly и Dash. Используем полноценный веб-фреймворк в Python,Дабасс Элиас,,1 807₽,4 016₽
Kotlin. Программирование для профессионалов,Скин,Питер:Для профессионалов,2 859₽,3 665₽
Тестирование JavaScript,Коста Лукас да,Питер:Библиотека программиста,2 547₽,3 265₽
Программируем на Java,Лой,Питер:Бестселлеры O`Reilly,2 836₽,3 636₽
Введение в программную инженерию. Учебник,Антипов,,1 814₽,4 032₽
Asyncio и конкурентное программирование на Python,Фаулер Мэттью,,2 364₽,5 253₽
Создай свой собственный язык программирования. Руководство программиста по разработке компиляторов,Джеффери Клинтон Л.,,2 155₽,4 788₽
Основы теории интеллектуального управления энергосберегающими режимами. Учебное пособие,Поляков,,3 168₽,7 040₽
Система контроля версий. Основы командной разработки. Учебное пособие,Васильева,Лань:Компьютеры и программное обеспечение,3 168₽,7 040₽
Разработка программного тренажера в среде многоагентного моделирования NetLogo. Учебное пособие,Исхаков Алмаз Раилевич,Лань:Компьютеры и программное обеспечение,2 489₽,5 532₽
Эффективное тестирование программного обеспечения,Аниче Маурисио,,2 503₽,5 563₽
Глубокое обучение на Python,Шолле Франсуа,Питер:Библиотека программиста,2 823₽,3 619₽
Пять строк кода. Роберт Мартин рекомендует,Клаусен Кристиан,Питер:Библиотека программиста,1 701₽,2 181₽
Python. Исчерпывающее руководство,Бизли Дэвид,Питер:Для профессионалов,2 240₽,2 872₽
Знакомство с Python,Бейдер,Питер:Библиотека программиста,2 746₽,
Грокаем стриминг,Фишер,Питер:Библиотека программиста,1 702₽,2 182₽
Высокопроизводительные Python-приложения. Практическое руководство по эффективному программированию,Горелик,Бомбора:Мировой компьютерный бестселлер (обложка),1 680₽,2 302₽
"JavaScript. Картинки, галереи, слайдеры. Учебное пособие для вузов",Янцев Валерий Викторович,Лань:Компьютеры и программное обеспечение,2 263₽,5 029₽
"JavaScript. Картинки, галереи, слайдеры. Учебное пособие для СПО",Янцев Валерий Викторович,Лань:Компьютеры и программное обеспечение,2 263₽,5 029₽
Entity Framework Core в действии,Смит Джон П.,,2 781₽,6 179₽
API в разработке приложений Autodesk Inventor. Практическое руководство,Дюймовский Пайни,,1 671₽,3 713₽
"Создаем динамические веб-сайты с помощью PHP, MySQL, JavaScript, CSS и HTML5",Никсон Робин,Питер:Бестселлеры O`Reilly,2 229₽,2 786₽
Кибердзюцу. Кибербезопасность для современных ниндзя,Маккарти Бен,Питер:Библиотека программиста,1 845₽,2 365₽
Black Hat Go. Программирование для хакеров и пентестеров,Коттманн,Питер:Библиотека программиста,2 511₽,3 219₽
Алгоритмы неформально. Инструкция для начинающих питонистов,Брэдфорд Такфилд,Питер:Библиотека программиста,1 417₽,1 817₽
Компьютерные системы. Архитектура и программирование,Брайант,,3 365₽,7 478₽
Социальная инженерия и этичный хакинг на практике,Грей Джо,,1 391₽,3 091₽
Spring быстро,Спилкэ Лауренциу,,2 836₽,3 636₽
Kali Linux. Библия пентестера,Хаваджа Гас,Питер:Для профессионалов,4 241₽,5 437₽
Теория автоматического управления в примерах и задачах с решениями в MATLAB. Учебное пособие,Гайдук,Лань:Учебники для вузов. Специальная литература,2 683₽,5 963₽
Системы искусственного интеллекта. Моделирование нейронных сетей в системе MATLAB. Лабораторный пр.,Романов,Лань:Компьютеры и программное обеспечение,839₽,1 865₽
Основы программирования. Учебник,Шеина Татьяна Юрьевна,Лань:Компьютеры и программное обеспечение,1 472₽,3 270₽
Интернет вещей для начинающих. Визуальное программирование микроконтроллеров семейства ESP8266,Шамин Алексей Алексеевич,,615₽,1 366₽
Моделирование систем управления. Учебник для вузов,Семенов,Лань:Компьютеры и программное обеспечение,2 714₽,6 031₽
Исследование операций. Том 2. Задачи транспортного типа. Учебник для вузов,Трушков Александр Сергеевич,Лань:Компьютеры и программное обеспечение,2 263₽,5 029₽
"Python для сетевых инженеров. Автоматизация сети, программирование и DevOps",Чоу Эрик,Питер:Для профессионалов,3 815₽,4 891₽
Kafka в действии,Скотт,,2 085₽,4 634₽
Python. К вершинам мастерства. Лаконичное и эффективное программирование,Лусиану Рамальо,,3 365₽,7 478₽
Объяснимые модели искусственного интеллекта на Python. Модель искусственного интеллекта,Мишра Прадипта,,1 807₽,4 016₽
Проектирование гибких программ,Хансон,,2 085₽,4 634₽
Идеальная работа. Программирование без прикрас,Мартин Роберт С.,Питер:Библиотека программиста,1 361₽,1 745₽
Основы тестирования и верификации программного обеспечения. Учебное пособие,Старолетов Сергей Михайлович,Лань:Учебники для вузов. Специальная литература,2 452₽,5 449₽
Web-программирование на Python. Учебное пособие,Янцев Валерий Викторович,Лань:Компьютеры и программное обеспечение,1 923₽,4 274₽
Python. Чистый код для продолжающих,Свейгарт Эл,Питер:Библиотека программиста,2 263₽,2 901₽
Как проектировать программы,Фелляйзен,,2 781₽,6 179₽
Введение в программирование и структуры данных,Фислер,,2 085₽,4 634₽
Введение в гибридные технологии разработки мобильных приложений. Учебное пособие. СПО,Заяц,Лань:Компьютеры и программное обеспечение,1 272₽,2 827₽
Программирование в САПР. Учебное пособие,Лянг Виктор Федорович,ИНФРА-М:Высшее образование. Бакалавриат,2 589₽,5 753₽
Введение в гибридные технологии разработки мобильных приложений. Учебное пособие,Васильев,Лань:Учебники для вузов. Специальная литература,2 224₽,4 943₽
Параллельное программирование на современном С++,Гримм Райнер,,2 781₽,6 179₽
Устройство и программирование автономных роботов. Проекты на Python и Raspberry PI,Стейпл Дэнни,,1 807₽,4 016₽
Практический хакинг интернета вещей,Чанцис,,2 503₽,5 563₽
Spring в действии,Уоллс Крейг,,2 781₽,6 179₽
Практическое введение в решение дифференциальных уравнений в Python,Ершов Николай Михайлович,,1 391₽,3 091₽
"Теоретический минимум по Computer Science. Сети, криптография и data science",Феррейра,Питер:Библиотека программиста,2 199₽,2 819₽
Программирование в Roblox. Сделать игру - проще простого,Брамбо Зандер,,1 391₽,3 091₽
Масштабируемый рефакторинг. Возвращаем контроль над кодом,Лемер Мод,Питер:Бестселлеры O`Reilly,1 631₽,2 091₽
Многопоточный JavaScript,Хантер,,1 807₽,4 016₽
JavaScript. Визуальные редакторы. Учебное пособие для СПО,Янцев Валерий Викторович,Лань:Компьютеры и программное обеспечение,1 629₽,3 621₽
JavaScript. Визуальные редакторы. Учебное пособие для вузов,Янцев Валерий Викторович,Лань:Компьютеры и программное обеспечение,1 439₽,3 198₽
Языки программирования и методы трансляции. Учебное пособие для вузов,Свердлов Сергей Залманович,Лань:Компьютеры и программное обеспечение,2 336₽,5 192₽
Алгоритмы Data Science и их практическая реализация на Python,Протодьяконов,,1 343₽,2 985₽
Графический анализ на языке R. Учебно-методическое пособие,Лукьянов Павел Борисович,,545₽,1 210₽
Head First. Изучаем C#,Стиллмен,Питер:Head First (O'Reilly),2 908₽,3 728₽
Основы алгоритмизации и программирования на Visual C++. Учебное пособие,Гуриков Сергей Ростиславович,ИНФРА-М:Высшее образование. Бакалавриат,2 408₽,5 350₽
Алгоритмы и программы. Язык С++. Учебное пособие для СП,Конова,Лань:Учебники для вузов. Специальная литература,1 261₽,2 803₽
Вероятностное программирование. Учебное пособие,Колбин Вячеслав Викторович,Лань:Математика,2 792₽,6 204₽
Программирование на языке Си. Учебное пособие для вузов,Рацеев Сергей Михайлович,Лань:Компьютеры и программное обеспечение,2 279₽,5 065₽
Руткиты и буткиты. Обратная разработка вредоносных программ и угрозы следующего поколения,Матросов,,2 643₽,5 873₽
Профессиональный бенчмарк. Искусство измерения производительности,Акиньшин Андрей,Питер:Библиотека программиста,2 836₽,3 636₽
Язык программирования C# 9 и платформа .NET 5: основные принципы и практики программирования,Троелсен,,4 838₽,10 752₽
Этичный хакинг. Практическое руководство по взлому,Грэм Дэниел Г.,Питер:Библиотека программиста,2 255₽,2 891₽
Основы построения экономических моделей в Excel. Учебник для СПО,Воскобойников,Лань:Компьютеры и программное обеспечение,1 320₽,2 933₽
Программирование на языке Си. Учебное пособие,Рацеев Сергей Михайлович,Лань:Компьютеры и программное обеспечение,2 158₽,4 796₽
JavaScript.Как писать программы.Учебное пособие для вузов,Янцев Валерий Викторович,Лань:Компьютеры и программное обеспечение,1 560₽,3 467₽
JavaScript.Как писать программы Учебное пособие для СПО,Янцев Валерий Викторович,Лань:Компьютеры и программное обеспечение,1 560₽,3 467₽
Построение распределенных систем на базе WebSocket. Учебное пособие для вузов,Хабаров,Лань:Компьютеры и программное обеспечение,1 670₽,3 710₽
Разработка игр и теория развлечений,Костер Рэф,,1 598₽,3 552₽
Структуры данных в Python. Начальный курс,Шихи Дональд Р.,,1 251₽,2 781₽
Большая книга проектов Python,Свейгарт Эл,,1 688₽,2 164₽
Глубокое обучение с подкреплением. Теория и практика на языке Python,Грессер,Питер:Библиотека программиста,2 540₽,3 256₽
Искусство WebAssembly. Создание безопасных межплатформенных высокопроизводительных приложений,Баттальини Рик,,1 391₽,3 091₽
Микросервисы Spring в действии,Карнелл,,2 503₽,5 563₽
Осваиваем архитектуру Transformer. Разработка современных моделей с помощью передовых методов,Йылдырым,,2 085₽,4 634₽
Основы юзабилити-тестирования,Барнум Кэрол М.,,2 503₽,5 563₽
Творческие проекты с микроконтроллером в среде TinyGo и WebAssembly,Тил Тобиас,,1 529₽,3 397₽
Вычисления в кольцах некоммутативных многочленов. Учебное пособие для вузов,Цирулик Владимир Григорьевич,Лань:Компьютеры и программное обеспечение,2 290₽,5 088₽
Практический анализ двоичных файлов,Эндриесс Дэннис,,2 364₽,5 253₽
Изучаем C# через разработку игр на Unity,Ферроне Харрисон,Питер:Библиотека программиста,1 830₽,2 346₽
Исследование операций. Том 1. Линейное программирование. Учебник для вузов,Трушков Александр Сергеевич,Лань:Компьютеры и программное обеспечение,1 679₽,3 732₽
Игра в цифры. Как аналитика позволяет видеоиграм жить лучше,Сабиров Василий Константинович,Бомбора:Российский компьютерный бестселлер,1 590₽,2 178₽
Apache Airflow и конвейеры обработки данных,Харенслак,,2 643₽,5 873₽
Python для всех,Северанс Чарльз Р.,,972₽,2 161₽
Практикум по проектированию на языках VerilogHDL и SystemVerilog. Учебное пособие,Мурсаев,Лань:Учебники для вузов. Специальная литература,772₽,1 715₽
Использование языка Python в теории вероятностей. Учебник,Криволапов Сергей Яковлевич,,1 331₽,2 957₽
Экономика на Python. Учебник,Хрипунова,,968₽,2 151₽
Black Hat Python. Программирование для хакеров и пентестеров,Зейтц,Питер:Библиотека программиста,1 688₽,2 164₽
Однострочники Python. Лаконичный и содержательный код,Майер Кристиан,Питер:Библиотека программиста,1 688₽,2 164₽
Гид Java-разработчика. Проектно-ориентированный подход,Урма,Бомбора:Мировой компьютерный бестселлер,880₽,1 206₽
"PHP 8. Объекты, шаблоны и методики программирования",Зандстра Мэтт,,3 630₽,8 066₽
Python и DevOps. Ключ к автоматизации Linux,Гифт,Питер:Бестселлеры O`Reilly,2 561₽,3 283₽
Введение в логическое программирование,Дженесерет,,1 529₽,3 397₽
Параллельное программирование на C# и .NET Core,Шакти Танвар,,1 460₽,3 244₽
Разработка игр на языке JavaScript. Учебное пособие,Беляев Сергей Алексеевич,Лань:Компьютеры и программное обеспечение,394₽,875₽
Параллельные и высокопроизводительные вычисления,Роби,,3 365₽,7 478₽
Исследование операций в экономике. Практикум. Учебное пособие для вузов,Слабнов Виктор Дмитриевич,Лань:Компьютеры и программное обеспечение,2 158₽,4 796₽
Тестирование программного обеспечения,Игнатьев Александр Владимирович,Лань:Компьютеры и программное обеспечение,407₽,905₽
Разработка моделей предметной области автоматизации. Учебник для вузов,Котлинский Сергей Владимирович,Лань:Компьютеры и программное обеспечение,2 519₽,5 598₽
Разработка моделей предметной области автоматизации. Учебник для СПО,Котлинский Сергей Владимирович,Лань:Компьютеры и программное обеспечение,2 279₽,5 065₽
Тестирование программного обеспечения. Учебное пособие для СПО,Игнатьев Александр Владимирович,Лань:Компьютеры и программное обеспечение,407₽,905₽
Проектирование человеко-машинного взаимодействия. Учебник для вузов,Игнатьев Александр Владимирович,Лань:Компьютеры и программное обеспечение,407₽,905₽
Программные коллекции данных. Проектирование и реализация. Учебник,Романенко Татьяна Александровна,Лань:Компьютеры и программное обеспечение,1 320₽,2 933₽
Программные коллекции данных. Проектирование и реализация. Учебное пособие для СПО,Романенко Татьяна Александровна,Лань:Компьютеры и программное обеспечение,1 320₽,2 933₽
C# 9 и .NET 5. Разработка и оптимизация,Прайс Марк Дж.,Питер:Для профессионалов,3 545₽,4 545₽
Clojure на производстве,Гришаев Иван,,1 391₽,3 091₽
Изучаем SHINY,Уикем Хэдли,,2 224₽,4 943₽
Анализ поведенческих данных на R и PYTHON,Бюиссон Флоран,,2 085₽,4 634₽
Разработка беспилотных транспортных средств,Лю,,1 529₽,3 397₽
Сети 6G. Путь от 5G к 6G глазами разработчиков,Тонг,,3 199₽,7 108₽
Корпоративные информационные системы на базе решения Oracle E-Business Suite. Калькуляция затрат,Васильева,,484₽,1 076₽
Проектирование цифровых образовательных ресурсов,Коннова,,907₽,2 016₽
Организация и архитектура ЭВМ. Вычислительные системы. Учебное пособие,Журавлев Антон Евгеньевич,Лань:Компьютеры и программное обеспечение,1 020₽,2 266₽
Информационное моделирование: методолгия использования цифровых моделей. Часть 1,Бачурина Светлана Самуиловна,,695₽,1 544₽
Head First. Паттерны проектирования,Фримен,Питер:Head First (O'Reilly),2 005₽,2 506₽
Web-программирование на JavaScript. Учебное пособие для СПО,Диков Андрей Валентинович,Лань:Компьютеры и программное обеспечение,1 044₽,2 319₽
Автоматизация рутинных задач с помощью Python,Свейгарт Эл,,2 420₽,5 378₽
Алгоритмы. Теория и практическое применение,Стивенс Род,Эксмо:Мировой компьютерный бестселлер,1 407₽,1 928₽
Апокалипсис криптографии. Подготовка криптографии к квантовым вычислениям,Граймс Роджер А.,,1 668₽,3 707₽
Паттерны программирования игр,Нистрем Роберт,Бомбора:Мировой компьютерный бестселлер,1 680₽,2 302₽
React. Современные шаблоны для разработки приложений,Бэнкс,Питер:Бестселлеры O`Reilly,1 945₽,2 493₽
JavaScript. Обработка событий на примерах. Учебное пособие,Янцев Валерий Викторович,Лань:Компьютеры и программное обеспечение,1 439₽,3 198₽
ASP.NET CORE в действии,Лок Эндрю,,2 990₽,6 644₽
Анализируем данные в Microsoft Power BI. Подготовка к экзамену DA-100,Маслюк Даниил,,1 668₽,3 707₽
Программирование на PHP в примерах и задачах,Васильев Алексей,Эксмо-Пресс:Российский компьютерный бестселлер,1 062₽,1 455₽
Статистический анализ экспериментальных данных в пакетах MathCAD и Excel. Учебное пособие для вузов,Воскобойников Юрий Евгеньевич,Лань:Компьютеры и программное обеспечение,1 733₽,3 851₽
Инженерные расчеты. Книга-билингва. Учебное пособие,Очков,Лань:Компьютеры и программное обеспечение,2 158₽,4 796₽
JavaScript. Обработка событий на примерах. Учебное пособие для СПО,Янцев Валерий Викторович,Лань:Компьютеры и программное обеспечение,1 439₽,3 198₽
Компьютерное моделирование автоматизации технологических процессов и производств. Практикум. СПО,Алексеев Владимир Анатольевич,Лань:Компьютеры и программное обеспечение,1 320₽,2 933₽
Ghidra. Полное руководство,Игл,,2 920₽,6 489₽
Изучаем WinUI 3.0,Эшкрафт Элвин,,1 391₽,3 091₽
C# 9.0. Справочник. Полное описание языка,Албахари Джозеф,,4 274₽,9 498₽
Изучаем квантовые вычисления на Python и Q#,Кайзер,,2 364₽,5 253₽
"Системы автоматического управления: теория, применение, моделирование в MATLAB. Учебное пособие",Ощепков Александр Юрьевич,Лань:Учебники для вузов. Специальная литература,1 526₽,3 392₽
Коды с суммированием для систем технического диагностирования. В 2-х томах,Сапожников,,955₽,2 123₽
Основы тестирования программного обеспечения. Учебное пособие для СПО,Старолетов Сергей Михайлович,Лань:Компьютеры и программное обеспечение,1 572₽,3 494₽
"Гид по Computer Science, расширенное издание",Спрингер Вильям,Питер:Библиотека программиста,1 185₽,1 519₽
Как работают компьютерные сети и интернет,Северанс Чарльз Р.,,903₽,2 006₽
Разработка конвейеров машинного обучения. Автоматизация жизненных циклов модели с помощью TensorFlow,Ханнес,,1 460₽,3 244₽
Технология программирования. Проектирование. Комплексное тестирование. Программная документация,Иванова Галина Сергеевна,Кнорус:Бакалавриат,914₽,2 032₽
"Безопасность веб-приложений. Разведка, защита, нападение",Хоффман Эндрю,Питер:Бестселлеры O`Reilly,2 521₽,3 232₽
Безопасно by Design,Берг,Питер:Библиотека программиста,2 213₽,2 837₽
Программирование в САПР. Пространственное моделирование колонного аппарата в среде Autodesk Inventor,Лянг Виктор Федорович,ИНФРА-М:Высшее образование. Бакалавриат,1 198₽,2 662₽
Искусство тестирования на проникновение в сеть,Дэвис Ройс,,1 529₽,3 397₽
Построение пользовательских интерфейсов,Малышев Кирилл Викторович,,1 529₽,3 397₽
Программная инженерия. Учебное пособие,Маран Михкель Михкелевич,Лань:Учебники для вузов. Специальная литература,1 628₽,3 618₽
Алгоритмы обработки текста. 125 задач с решениями,Крошемор,,1 668₽,3 707₽
Аналитика в Power BI с помощью R и Python,Уэйд Райан,,2 085₽,4 634₽
Программирование. Введение в профессию. Том 2. Системы и сети,Столяров Андрей Викторович,,2 364₽,5 253₽
Программирование. Введение в профессию. Том 3. Парадигмы,Столяров Андрей Викторович,,2 364₽,5 253₽
C#. Алгоритмы и структуры данных. Учебное пособие для вузов,Тюкачев,Лань:Компьютеры и программное обеспечение,2 845₽,6 323₽
"Python, например",Лейси Никола,Питер:Библиотека программиста,1 589₽,2 037₽
"Изучаем SQL. Генерация, выборка и обработка данных",Болье Алан,,2 420₽,5 378₽
Знакомство с программированием на языке Processing,Риас,,1 042₽,2 316₽
Принятие решений и феномен неопределенности. Учебное пособие для вузов,Клименко Игорь Семенович,Лань:Компьютеры и программное обеспечение,1 250₽,2 778₽
C#. Основы программирования (+CD). Учебное пособие для СПО,Тюкачев,Лань:Компьютеры и программное обеспечение,1 623₽,3 607₽
Оформление программного кода,Столяров Андрей Викторович,,695₽,1 544₽
"Профессиональное программирование на ассемблере x64 с расширениями AVX, AVX2 и AVX-512",Куссвюрм Даниэль,,2 503₽,5 563₽
Имитационное моделирование процессов и систем в АПК. Учебное пособие,Худякова,Колос:Учебники и учебные пособия для студентов вузов,1 580₽,3 512₽
Наглядный CSS,Сидельников Грег,Питер:Библиотека программиста,1 404₽,1 800₽
Основы разработки iOS-приложений на C# с помощью Xamarin. Учебное пособие для вузов,Умрихин Евгений Дмитриевич,Лань:Компьютеры и программное обеспечение,1 888₽,4 196₽
Основы разработки iOS-приложений на C# с помощью Xamarin.СПО,Умрихин Евгений Дмитриевич,Лань:Компьютеры и программное обеспечение,1 800₽,4 000₽
Программирование. Сборник задач. Учебное пособие для СПО,Маран,Лань:Компьютеры и программное обеспечение,1 112₽,2 471₽
Математическое программирование.СПО,Ганичева Антонина Валериановна,Лань:Математика,1 023₽,2 274₽
Программирование на ассемблере х64. От начального уровня до профессионального использования AVX64,Йо Ван Гуй,,1 807₽,4 016₽
Обработка и представление данных в MS Excel. Учебное пособие,Бурнаева,Лань:Компьютеры и программное обеспечение,742₽,1 649₽
Парадигма программирования. Учебное пособие,Городняя Лидия Васильевна,Лань:Учебники для вузов. Специальная литература,1 443₽,3 206₽
ASP.NET Core 3 с примерами на C# для профессионалов,Фримен Адам,,4 838₽,10 752₽
Создаем динамические веб-сайты на PHP,Татро,Питер:Бестселлеры O`Reilly,2 325₽,2 981₽
Теория вероятностей и математическая статистика в среде MATLAB. Учебное пособие,Алибеков Игорь Юсупович,Лань:Компьютеры и программное обеспечение,957₽,2 127₽
HTTP/2 в действии,Поллард Барри,,2 224₽,4 943₽
Методика моделирования динамики октокоптера,Щекатуров Александр Михайлович,,1 391₽,3 091₽
"Байесовская статистика. Star Wars, LEGO, резиновые уточки и многое другое",Курт Уилл,Питер:Библиотека программиста,2 793₽,3 581₽
Python. Лучшие практики и инструменты,Яворски,Питер:Библиотека программиста,2 793₽,3 581₽
Разработка и анализ компьютерных алгоритмов,Ахо,,1 855₽,4 123₽
Научное программирование на Python,Хилл Кристиан,,2 224₽,4 943₽
C#. Программирование 2D и 3D векторной графики. Учебное пособие для СПО,Тюкачев,Лань:Компьютеры и программное обеспечение,1 623₽,3 607₽
Алгоритмизация и программирование. Практикум,Андрианова,Лань:Компьютеры и программное обеспечение,1 274₽,2 831₽
Организация беспроводных Ad Hoc и Hot Spot сетей в среде ОС Windows,Заяц,Лань:Компьютеры и программное обеспечение,1 283₽,2 852₽
Построение распределенных систем на базе WebSocket. Учебное пособие,Хабаров,Лань:Компьютеры и программное обеспечение,1 586₽,3 524₽
Практическое введение в язык программирования Си. СПО,Солдатенко,Лань:Компьютеры и программное обеспечение,819₽,1 820₽
Проектирование и разработка WEB-приложений. Введение в frontend и backend разработку. СПО,Заяц,Лань:Компьютеры и программное обеспечение,1 055₽,2 344₽
Простой Python для опытных программистов,Гаско Рик,Солон-пресс:Программирование,765₽,1 701₽
Профессиональная разработка на Python,Уилкс Мэттью,,2 643₽,5 873₽
SimInTech. Преобразователи автономных источников электроэнергии,Калачёв,,1 042₽,2 316₽
JavaScript. Готовые программы. Учебное пособие,Янцев Валерий Викторович,Лань:Компьютеры и программное обеспечение,1 079₽,2 398₽
JavaScript. Готовые программы. СПО,Янцев Валерий Викторович,Лань:Компьютеры и программное обеспечение,960₽,2 133₽
Разработка базы данных в Access. Учебное пособие,Волик Мария Владимировна,,302₽,672₽
Основы программирования на языке С. Учебное пособие,Гагарина,ИНФРА-М:Высшее образование. Бакалавриат,1 512₽,3 360₽
C++ для профи,Лоспинозо Джош,Питер:Для профессионалов,3 261₽,4 181₽
Интеллектуальные информационные системы и методы искусственного интеллекта. Учебник,Андрейчиков,ИНФРА-М:Высшее образование. Магистратура,2 879₽,6 398₽
Инструментальные средства разработки программного обеспечения Системы Fossil,Орещенков Игорь Сергеевич,Лань:Компьютеры и программное обеспечение,1 707₽,3 793₽
Python. Сборник упражнений,Стивенсон Бен,,972₽,2 161₽
Карьера программиста,Лакман Макдауэлл Гейл,Питер:Библиотека программиста,2 127₽,2 727₽
Глубокое обучение. Легкая разработка проектов на Python,Вейдман Сет,Питер:Бестселлеры O`Reilly,2 901₽,3 719₽
Структуры и алгоритмы обработки данных. Учебник для СПО,Павлов,Лань:Компьютеры и программное обеспечение,990₽,2 200₽
Численные методы и программирование. Учебное пособие для СПО,Слабнов Виктор Дмитриевич,Лань:Компьютеры и программное обеспечение,2 779₽,6 176₽
Технология разработки программного обеспечения. Учебное пособие для СПО,Зубкова Татьяна Михайловна,Лань:Компьютеры и программное обеспечение,1 888₽,4 196₽
"Spark в действии. С примерами Java, Python и Scala",Перрен Жан-Жорж,,2 781₽,6 179₽
Изучаем Power Query. Наглядный подход к подключению и преобразованию данных из множества источников,Фоукс,,1 807₽,4 016₽
Моделирование и оптимизация процессов управления в технологических системах. Учебник,Колтунов,Кнорус:Магистратура,823₽,1 828₽
Квантовые вычисления. Прикладной подход,Хидари Джек Д.,,1 668₽,3 707₽
JavaScript. Полное руководство,Флэнаган Дэвид,,3 630₽,8 066₽
Проектирование информационных систем. Методы и средства структурно-функционального проектирования,Гвоздева,Лань:Компьютеры и программное обеспечение,900₽,2 001₽
"Проектирование информационных систем. Стандартизация, техническое документирование информ. систем",Гвоздева,Лань:Компьютеры и программное обеспечение,1 183₽,2 628₽
Системы отображения информации. Дискретные индикаторы. Учебник для вузов,Смирнов Виктор Михайлович,Лань:Компьютеры и программное обеспечение,1 837₽,4 083₽
"Инфокоммуникационные системы. Протоколы,интерфейсы. Практикум. СПО",Журавлев Антон Евгеньевич,Лань:Компьютеры и программное обеспечение,1 546₽,3 436₽
Нечеткое моделирование и управление в технических системах. Учебное пособие для вузов,Кудинов,Лань:Компьютеры и программное обеспечение,1 670₽,3 710₽
Игровой движок. Программирование и внутреннее устройство,Грегори Джейсон,Питер:Для профессионалов,5 460₽,7 000₽
Принципы юнит-тестирования,Хориков Владимир,Питер:Для профессионалов,1 413₽,1 811₽
Простой Python. Современный стиль программирования,Любанович Билл,Питер:Бестселлеры O`Reilly,1 613₽,2 016₽
Kotlin. Сборник рецептов. Предметный подход,Коузен Кен,,1 391₽,3 091₽
Олимпиадное программирование,Лааксонен Антти,,1 460₽,3 244₽
Алгоритмы и структуры данных. Учебное пособие,Мясникова Нелли Александровна,Кнорус:Бакалавриат,914₽,2 032₽
Компьютерная арифметика. Учебное пособие. СПО (+CD),Иорданский Михаил Анатольевич,Лань:Компьютеры и программное обеспечение,837₽,1 860₽
Программирование. Практикум. Учебное пособие,Быкадорова Елена Анатольевна,Лань:Компьютеры и программное обеспечение,389₽,864₽
Системное программное обеспечение информационных мультимедиасистем. Учебное пособие,Иванько,Лань:Компьютеры и программное обеспечение,538₽,1 196₽
Распределенные системы,Таненбаум,,2 643₽,5 873₽
Алгебра и геометрия с примерами на Python. Учебное пособие,Борзунов,Лань:Компьютеры и программное обеспечение,3 224₽,7 164₽
Корпоративные информационные системы. Администрирование сетевого домена. Учебное пособие,Журавлев,Лань:Компьютеры и программное обеспечение,1 322₽,2 938₽
Введение в программирование на языке Visual Basic for Applications (VBA). Учебное пособие,Гуриков Сергей Ростиславович,ИНФРА-М:Среднее профессиональное образование,1 766₽,3 925₽
Hello World! Программирование для детей и взрослых,Сэнд,,1 529₽,3 397₽
Методология создания информационных систем. Учебное пособие,Карминский,ИНФРА-М:Среднее профессиональное образование,1 391₽,3 092₽
"Разработка бизнес-приложений на платформе ""1С: Предприятие"". Учебное пособие",Дадян Эдуард Григорьевич,ИНФРА-М:Среднее профессиональное образование,1 670₽,3 710₽
Проектирование информационных систем. Учебное пособие. СПО,Вейцман Владимир Моисеевич,Лань:Компьютеры и программное обеспечение,1 751₽,3 892₽
Создание сайтов на основе WordPress. Учебное пособие для СПО,Сергеев Алексей Николаевич,Лань:Компьютеры и программное обеспечение,689₽,1 530₽
"Интеграция управления программой и системной инженерии. Методы, инструменты и организационные систем",Мицуфуджи,,2 085₽,4 634₽
Инфокоммуникационные системы. Учебник,Журавлев,Лань:Компьютеры и программное обеспечение,1 999₽,4 442₽
Инфокоммуникационные системы. Учебник,Журавлев,Лань:Компьютеры и программное обеспечение,2 247₽,4 993₽
Профессиональный TypeScript. Разработка масштабируемых JavaScript-приложений,Черный Борис,Питер:Бестселлеры O`Reilly,1 700₽,2 179₽
"Подробное руководство по DAX: бизнес-аналитика с Microsoft Power Bl, SQL Server Analysis Services",Феррари,,2 850₽,6 334₽
Хаос-инжиниринг,Розенталь,,1 668₽,3 707₽
Цифровая обработка сигналов на системном уровне с использованием LabVIEW,Кехтарнаваз,,1 251₽,2 781₽
Спортивное программирование. Новый нижний предел соревнований по программированию,Халим,,2 224₽,4 943₽
Криптография - наука о тайнописи. Учебное пособие,Фомичев Владимир Михайлович,,302₽,672₽
Искусство тестирования программ,Сандлер,,2 420₽,5 378₽
Прикладное программирование. Учебное пособие,Никифоров Сергей Николаевич,Лань:Среднее профессиональное образование,588₽,1 306₽
"Разработка приложений на С++ с использованием Boost. Рецепты, упрощающие разработку вашего приложени",Полухин Антон,,1 668₽,3 707₽
Разработка и реализац.портальн.решений: Практикум,Лукьянов,,484₽,1 076₽
Генетические алгоритмы на Python,Вирсански Эйял,,1 807₽,4 016₽
C#. Основы программирования. Учебное пособие,Тюкачев,Лань:Учебники для вузов. Специальная литература,1 868₽,4 152₽
Основы объектно-ориентированного программирования на базе языка С#. Учебное пособие,Залогова Любовь Алексеевна,Лань:Учебники для вузов. Специальная литература,720₽,1 600₽
"Golang для профи. Работа с сетью, многопоточность, структуры данных и машинное обучение с Go",Цукалос Михалис,Питер:Для профессионалов,4 427₽,5 676₽
Istio. Приступаем к работе,Калькот,,1 529₽,3 397₽
Проектирование веб-API,Лоре Арно,,1 668₽,3 707₽
Глубокое обучение с подкреплением. AlphaGo и другие технологии,Лапань Максим,Питер:Для профессионалов,2 694₽,3 454₽
Эволюционные нейросети на языке Python,Омельяненко Ярослав,,1 668₽,3 707₽
Алгоритмы обучения с подкреплением на Python,Лонца Андреа,,1 668₽,3 707₽
Цифровой синтез. Практический курс,Романов,,1 947₽,4 326₽
Системное программирование. Лабораторные работы. Учебное пособие,Жулабова Фатима Тахировна,Лань:Учебники для вузов. Специальная литература,874₽,1 943₽
Криптография и взлом шифров на Python,Свейгарт Эл,,1 855₽,4 123₽
Программист-прагматик,Томас,,2 420₽,5 378₽
Параллельное программирование на C++ с помощью библиотеки TBB,Восс,,2 781₽,6 179₽
Предметно-ориентированное проектирование в Enterprise Java,Наир Виджей,,1 807₽,4 016₽
Анализ данных при помощи Microsoft Power BI и Power Pivot для Excel,Феррари,,1 460₽,3 244₽
Распределенные системы реального времени. Теория и практика,Эрджиес Кайхан,,1 668₽,3 707₽
Нативная разработка мобильных приложений. Перекрестный справочник для iOS и Android,Льюис,,1 807₽,4 016₽
Паттерны объектно-ориентированного проектирования,Гамма,Питер:Библиотека программиста,846₽,1 057₽
Управление памятью в .NET для профессионалов,Кокоса Конрад,,2 850₽,6 334₽
Исследование операций и методы оптимизации. Учебное пособие,Болотский,Лань:Учебники для вузов. Специальная литература,396₽,881₽
Веб-компоненты в действии,Фаррелл Бен,,1 529₽,3 397₽
Глубокое обучение. Погружение в мир нейронных сетей,Николенко,Питер:Библиотека программиста,1 554₽,1 992₽
Архитектура компьютерных систем. Курс лекций. Учебное пособие,Белугина Светлана Викторовна,Лань:Учебники для вузов. Специальная литература,993₽,2 206₽
Разработка программных модулей программного обеспечения для компьютерных систем,Белугина Светлана Викторовна,Лань:Учебники для вузов. Специальная литература,1 760₽,3 912₽
Основы программирования информационного контента. Учебное пособие,Быкадорова,Лань:Учебники для вузов. Специальная литература,505₽,1 122₽
Численные методы. Учебник,Слабнов Виктор Дмитриевич,Лань:Учебники для вузов. Специальная литература,3 068₽,6 818₽
Введение в глубокое обучение,Черняк Евгений,,968₽,2 152₽
Принципы разработки программных пакетов. Проектирование повторно используемых компонентов,Нобак Маттиас,,1 391₽,3 091₽
Практикум по численным методам в вычислительных средах matlab и mathcad. Учебное пособие,Бастрон,,370₽,823₽
Программирование на языке Пролог для задач искусственного интеллекта. Введение в логическое программ,Ефимова Елена Анатольевна,,454₽,1 008₽
SCALA для нетерпеливых,Хостманн Кей,ДМК-Пресс:Функциональное программирование,1 251₽,2 781₽
Обучение с подкреплением,Саттон,,3 199₽,7 108₽
Рекомендательные системы на практике,Фальк Ким,,1 807₽,4 016₽
Flutter на практике. Прокачиваем навыки мобильной разработки с помощью открыт. фреймворка от Googlе,Заметти Франк,,1 807₽,4 016₽
Java Concurrency на практике,Гетц,Питер:Для профессионалов,1 841₽,2 360₽
C# 8.0. Карманный справочник,Албахари,,968₽,2 152₽
"Разработка веб-приложений с помощью Node.js, MongoDB и Angular. Исчерпывающее руководство",Дейли,,3 065₽,6 810₽
Разработка игр на Unity 2018 за 24 часа,Гейг Майк,Бомбора:Мировой компьютерный бестселлер,1 953₽,2 676₽
"R. Книга рецептов. Проверенные рецепты для статистики, анализа и визуализации",Лонг,,2 224₽,4 943₽
Графовые алгоритмы. Практическая реализация на платформах  Apache Spark и Neo4j,Нидхем,,1 529₽,3 397₽
Функциональное программирование на С++. Как сделать свои программы изящными с помощью технологии фун,Чукич Иван,,1 807₽,4 016₽
Python. Непрерывная интеграция и доставка,Ленц Мориц,,1 042₽,2 316₽
Объектно-ориентированный подход,Вайсфельд Мэтт,Питер:Библиотека программиста,1 288₽,1 651₽
"Изучаем Python. Программирование игр, визуализация данных, веб-приложения",Мэтиз Эрик,Питер:Библиотека программиста,1 316₽,1 645₽
Java. Библиотека профессионала. Том 2. Расширенные средства программирования,Хорстманн Кей С.,,3 630₽,8 066₽
Изучаем Python. Том 2,Лутц Марк,,3 065₽,6 810₽
Волшебство Kotlin,Симон Пьер-Ив,,2 017₽,4 482₽
Методы и алгоритмы решения прикладных задач дискретной оптимизации. Учебное пособие,Карпов,Солон-пресс:Библиотека профессионала,557₽,1 238₽
Обработка естественного языка с TensorFlow,Ганегедара Тушан,,2 224₽,4 943₽
Информационные системы и программирование. Администратор баз данных. Учебник,Логачев Максим Сергеевич,ИНФРА-М:Среднее профессиональное образование,1 960₽,4 355₽
Программное обеспечение компьютерных сетей. Учебное пособие,Исаченко Олег Вячеславович,ИНФРА-М:Среднее профессиональное образование,799₽,1 775₽
Моделирование химико-технологических процессов. Принципы применения пакетов компютерн. математики,Гартман,Лань:Учебники для вузов. Специальная литература,2 345₽,5 212₽
Алгоритмы. Вводный курс,Кормен Томас,,1 210₽,2 688₽
Программирование встроенных систем на С++ 17. Создание универсальных и надежных встроенных решений,Пошевай Майа,,1 807₽,4 016₽
ELIXIR в действии,Юрич Саша,,2 085₽,4 634₽
Глубокое обучение для поисковых систем,Теофили Томмазо,,1 391₽,3 091₽
Введение в программирование на языке Visual Basic for Applications (VBA). Учебное пособие,Гуриков Сергей Ростиславович,ИНФРА-М:Высшее образование. Бакалавриат,1 735₽,3 856₽
HTML и CSS. Разработка и дизайн веб-сайтов,Дакетт Джон,Эксмо:Мировой компьютерный бестселлер,1 953₽,2 676₽
Байесовский анализ на Python,Мартин Освальдо,,1 668₽,3 707₽
Состязательные сети. Проекты,Ахирвар Кайлаш,,1 251₽,2 781₽
Разработка мобильных приложений на C# для iOS и Android,Черников Вячеслав,,1 112₽,2 471₽
Как стать хакером,Притяну Эдриан,,1 668₽,3 707₽
Шаблоны проектирования для облачной среды,Дэвис Корнелия,,1 807₽,4 016₽
SQL для чайников,Тейлор Аллен Дж.,"Диалектика:Для ""чайников""",1 452₽,3 227₽
Введение в архитектуру программного обеспечения. Учебное пособие,Гагарина,Форум:Среднее профессиональное образование,1 778₽,3 952₽
Глубокое обучение и игра в го,Памперла,,2 224₽,4 943₽
1400 задач по программированию,Златопольский Дмитрий Михайлович,,555₽,1 234₽
Бессерверные приложения на JavaScipt,Стоянович,,1 598₽,3 552₽
Программирование в среде Delphi. Создание проектов. Учебное пособие,Саблукова Наталья Геннадьевна,Лань:Учебники для вузов. Специальная литература,347₽,770₽
Программирование в среде Delphi. Основные команды. Первые проекты,Саблукова Наталья Геннадьевна,Лань:Учебники для вузов. Специальная литература,409₽,908₽
Компьютерный анализ и моделирование электрических цепей переменного тока в среде MATLAB,,Солон-пресс:Библиотека студента,256₽,568₽
Компьютерный анализ и моделирование электрических цепей переменного тока в среде MATLAB,,Солон-пресс:Библиотека студента,371₽,825₽
Компьютерный анализ и моделирование электрических цепей постоянного тока в среде MATLAB,,Солон-пресс:Библиотека студента,162₽,361₽
Компьютерный анализ и моделирование электрических цепей постоянного тока в среде MATLAB,,Солон-пресс:Библиотека студента,371₽,825₽
Компьютерный анализ четырехполюсников с помощью MATLAB,,Солон-пресс:Библиотека студента,533₽,1 184₽
Компьютерный анализ четырехполюсников с помощью MATLAB,,Солон-пресс:Библиотека студента,222₽,494₽
Компьютерный спектральный анализ сигналов с помощью MATLAB,,Солон-пресс:Библиотека студента,511₽,1 135₽
Компьютерный спектральный анализ сигналов с помощью MATLAB,,Солон-пресс:Библиотека студента,209₽,464₽
VHDL. Справочное пособие по основам языка,Бабак,ДМК-Пресс:Программируемые системы,972₽,2 161₽
Программирование на языке высокого уровня. Программирование на языке Object Pascal. Учебное пособие,Немцова,Форум:Высшее образование: Бакалавриат,2 044₽,4 543₽
Математическое программирование. Учебное пособие,Ржевский Сергей Владимирович,Лань:Учебники для вузов. Специальная литература,2 158₽,4 796₽
Практика нейросетевого моделирования. Учебное пособие,Хливненко,Лань:Учебники для вузов. Специальная литература,1 414₽,3 143₽
Алгоритмы эволюционной оптимизации,Саймон Дэн,,2 781₽,6 179₽
Машинный интеллект. Очерки по теории машинного обучения и искусственного интеллекта,Шумский Сергей Александрович,РИОР:Наука и практика,1 851₽,4 113₽
Клиентские технологии веб-дизайна. HTML5 и CSS3. Учебное пособие,Диков Андрей Валентинович,Лань:Учебники для вузов. Специальная литература,1 341₽,2 980₽
Технология разработки программного обеспечения. Учебное пособие,Зубкова Татьяна Михайловна,Лань:Учебники для вузов. Специальная литература,1 800₽,4 000₽
Docker на практике,Миллан,,2 224₽,4 943₽
Swift подробно,Чейрд Инт Вейн,,2 224₽,4 943₽
Компьютерное моделирование полупроводниковых систем в MatLab 6.0. Учебное пособие,Герман-Галкин Сергей Германович,Корона-Принт:Учебное пособие,253₽,562₽
Идиомы и паттерны проектирования в современном С++,Пикус Федор Г.,,1 807₽,4 016₽
Изучаем Python. Том 1,Лутц Марк,,3 065₽,6 810₽
Рефакторинг кода на JavaScript. Улучшение проекта существующего кода,Фаулер Мартин,,3 630₽,8 066₽
Машинное обучение и безопасность. Защита систем с помощью данных и алгоритмов,Чио,,1 460₽,3 244₽
Разработка интеллектуальных систем. Введение в технологию машинного обучения,Хултен Джефф,,1 251₽,2 781₽
Теория вероятностей и математическая статистика в среде MATLAB. Учебное пособие,Алибеков Игорь Юсупович,Лань:Учебники для вузов. Специальная литература,904₽,2 008₽
Экстремальное программирование. Разработка через тестирование,Бек Кент,Питер:Библиотека программиста,1 206₽,1 546₽
Объектно-ориентированное программирование с примерами на C#. Учебное пособие,Хорев Павел Борисович,Форум:Среднее профессиональное образование,1 422₽,3 159₽
Применение пакета MATLAB для анализа резонансных явлений в электрических цепях. Учебно-мет. пособие,,Солон-пресс:Библиотека студента,256₽,568₽
Применение пакета MATLAB для анализа резонансных явлений в электрических цепях. Учебно-мет. пособие,,Солон-пресс:Библиотека студента,511₽,1 135₽
Программирование. Сборник задач. Учебное пособие,Архипов,Лань:Учебники для вузов. Специальная литература,1 586₽,3 524₽
Python. Книга Рецептов,Бизли,,2 503₽,5 563₽
Грокаем глубокое обучение,Траск Эндрю,Питер:Библиотека программиста,1 545₽,
Практика реактивного программирования в SPRING 5,Докука,,2 364₽,5 253₽
Нейросетевые методы в обработке естественного языка,Гольдберг Йоав,,2 085₽,4 634₽
Объектно-ориентированное программирование. Учебник,Барков Игорь Александрович,Лань:Учебники для вузов. Специальная литература,4 436₽,9 858₽
Практическое введение в программную инженерию. Учебное пособие для вузов,Волк Владимир Константинович,Лань:Учебники для вузов. Специальная литература,1 525₽,3 388₽
Проектирование цифровых устройств на ПЛИС. Учебное пособие,Ушенина Инна Владимировна,Лань:Учебники для вузов. Специальная литература,2 078₽,4 617₽
Введение в технологии контейнеров и Kubernetes,Маркелов Андрей Александрович,,1 112₽,2 471₽
Логическое проектирование и верификация систем на SystemVerilog,Дональд Томас,,1 807₽,4 016₽
HTML5 и CSS3 для чайников,Титтел,"Диалектика:Для ""чайников""",1 452₽,3 227₽
C# для чайников,Мюллер,"Диалектика:Для ""чайников""",1 855₽,4 123₽
Изучаем TypeScript 3,Розенталс Натан,,2 503₽,5 563₽
Введение в веб-разработку на языке JavaScript. Учебное пособие,Государев Илья Борисович,Лань:Учебники для вузов. Специальная литература,1 230₽,2 733₽
Программирование компьютерной графики,Боресков Алексей Викторович,,1 460₽,3 244₽
{Вы не знаете JS} Асинхронная обработка и оптимизация,Симпсон Кайл,Питер:Бестселлеры O`Reilly,1 323₽,1 696₽
Основы теории вейвлетов. Вейвлеты в Matlab,Смоленцев Николай Константинович,ДМК-Пресс:Все о вейвлетах,1 391₽,3 091₽
Изучаем React,Чиннатамби Кирупа,Бомбора:Мировой компьютерный бестселлер,1 590₽,2 178₽
Python для чайников,Мюллер Джон Пол,"Диалектика:Для ""чайников""",1 452₽,3 227₽
Изучение сложных систем с помощью Python,Дауни Аллен Б.,,1 044₽,2 320₽
Легкий способ выучить Python 3,Шоу Зед А.,Бомбора:Мировой компьютерный бестселлер,965₽,1 322₽
Jenkins 2. Приступаем к работе. Создайте свой конвейер развертывания для автоматизации следующего п.,Ластер Брент,,2 643₽,5 873₽
Реактивное программирование на С++. Проектирование параллельных и асинхронных приложений с использов,Пай,,1 668₽,3 707₽
Изображение квантовых процессов. Начальный курс квантовой теории и рассуждений на диаграммах,Коке,,3 129₽,6 954₽
Unreal Engine VR для разработчиков,Маккефри Митч,Бомбора:Мировой компьютерный бестселлер,1 316₽,1 803₽
Язык программирования Python. Практикум. Учебное пособие,Жуков Роман Александрович,ИНФРА-М:Высшее образование. Бакалавриат,1 186₽,2 635₽
Django 2 в примерах,Меле Антонио,,1 807₽,4 016₽
Глубокое обучение без математики. Том 1. Основы,Гласснер Эндрю,,2 781₽,6 179₽
Программирование в среде Lazarus. Учебное пособие,Гуриков Сергей Ростиславович,Форум:Среднее профессиональное образование,2 380₽,5 288₽
Программирование и основы алгоритмизации.Теоретические основы и примеры реализации численных методов,Затонский,РИОР:Высшее образование,810₽,1 801₽
Программное обеспечение компьютерных сетей и web-серверов. Учебное пособие,Лисьев,ИНФРА-М:Среднее профессиональное образование,789₽,1 753₽
Технологии параллельного программирования. Учебное пособие,Лупин,Форум:Высшее образование,853₽,1 896₽
Глубокое обучение и TensorFlow для профессионалов. Математический подход к построению систем,Паттанаяк Сантану,,1 855₽,4 123₽
Введение в анализ алгоритмов,Солтис Майкл,,1 251₽,2 781₽
Анализ вредоносных программ,Монаппа К. А.,,1 947₽,4 326₽
Java. Библиотека профессионала. Том 1. Основы,Хорстманн Кей С.,,3 065₽,6 810₽
Искусство программирования. Том 3. Сортировка и поиск,Кнут Дональд Эрвин,,4 274₽,9 498₽
Язык программирования C++. Краткий курс,Страуструп Бьярне,,1 210₽,2 688₽
Микросервисы и контейнеры Docker,Кочер Парминдер Сингх,,1 391₽,3 091₽
Биометрическая защита. Обзор технологии,Суомалайнен Антти,,208₽,462₽
Программирование в Erlang,Томпсон,ДМК-Пресс:Функциональное программирование,1 391₽,3 091₽
Искусство программирования. Том 2. Получисленные алгоритмы,Кнут Дональд Эрвин,,3 630₽,8 066₽
Искусственный интеллект для чайников,Мюллер,"Диалектика:Для ""чайников""",1 210₽,2 688₽
Современные технологии программирования. Разработка Windows-приложений на языке С#. Учебник. Том 2,Горелов Сергей Витальевич,,787₽,1 748₽
Компьютерное зрение. Теория и алгоритмы,Клетте Рейнхард,,2 920₽,6 489₽
CSS. Полный справочник. Визуальное форматирование веб-страниц,Мейер,,4 274₽,9 498₽
Алгоритмизация и программирование. Практикум. Учебное пособие,Андрианова,Лань:Учебники для вузов. Специальная литература,1 307₽,2 905₽
Структуры и алгоритмы обработки данных. Линейные структуры. Учебное пособие,Апанасевич Сергей Александрович,Лань:Учебники для вузов. Специальная литература,1 020₽,2 266₽
Unity и C#. Геймдев от идеи до реализации,Бонд Джереми Гибсон,Питер:Для профессионалов,4 136₽,
PostgreSQL 11. Мастерство разработки,Шениг Ганс-Юрген,,1 877₽,4 172₽
Автоматизация программируемых сетей,Эделман,,2 085₽,4 634₽
Базовые средства программирования на Visual Basic в среде VisualStudio .NET. Учебное пособие,Шакин Виктор Николаевич,Форум:Среднее профессиональное образование,1 536₽,3 414₽
Прикладная обработка биомедицинских изображений в среде MATLAB. Учебное пособие,Федотов Александр Александрович,Лань:Учебники для вузов. Специальная литература,521₽,1 157₽
Изучаем pandas,Хейдт,,2 643₽,5 873₽
Умные мобильные проекты с TensorFlow,Танг Джефф,ДМК-Пресс:Машинное обучение,1 391₽,3 091₽
Алгоритмы на Java,Седжвик,,4 838₽,10 752₽
C++. Полное руководство. Классическое издание,Шилдт Герберт,,3 630₽,8 066₽
Spring 5 для профессионалов,Шефер,,4 838₽,10 752₽
Искусственный интеллект с примерами на Python. Создание приложений искусственного интеллекта,Джоши Пратик,,2 420₽,5 378₽
"Основы машинного обучения для аналитического прогнозирования. Алгоритмы, рабочие примеры",Келлехер,,3 065₽,6 810₽
Прагматичный ИИ. Машинное обучение и облачные технологии,Гифт Ной,Питер:Для профессионалов,1 705₽,2 186₽
Внедрение Splunk 7,Миллер Джеймс,,1 807₽,4 016₽
Java за 24 часа,Кейденхед Роджерс,,1 210₽,2 688₽
Совершенный алгоритм. Основы,Рафгарден Тим,Питер:Библиотека программиста,1 389₽,1 781₽
Mathematica 5/6/7. Полное руководство,Дьяконов Владимир Павлович,ДМК-Пресс:Математика и Matlab,1 251₽,2 781₽
Git для профессионального программиста,Чакон,Питер:Библиотека программиста,1 724₽,2 210₽
C++. Базовый курс,Шилдт Герберт,,2 420₽,5 378₽
Моделирование объектов управления в MatLab. Учебное пособие,Затонский,Лань:Учебники для вузов. Специальная литература,1 079₽,2 398₽
Основы алгоритмизации и программирования (ОП.04). Практикум,Серкова Екатерина Геннадьевна,Феникс:Среднее профессиональное образование,267₽,593₽
"Компиляторы. Принципы, технологии и инструментарий",Ахо,,6 048₽,13 440₽
Архитектура вычислительных систем и Ассемблер,Гагарина,Солон-пресс:Библиотека студента,1 031₽,2 290₽
Delphi. Программирование в примерах и задачах. Практикум. Учебное пособие,Милорадов,РИОР:Среднее профессиональное образование,780₽,1 734₽
Java. Эффективное программирование. Третье издание,Блох Джошуа,,3 065₽,6 810₽
Kubernetes в действии,Лукша Марко,,2 224₽,4 943₽
Смарт-карты и информационная безопасность,Мытник,ДМК-Пресс:Безопасность и защита,1 391₽,3 091₽
Эффективный и современный С++. 42 рекомендации по использованию C++11 и C++14,Мейерс Скотт,,2 420₽,5 378₽
Пользовательские истории. Гибкая разработка программного обеспечения,Кон Майк,,2 420₽,5 378₽
Паскаль для школьников. Учебное пособие,Попов В. Б.,,3 245₽,4 635₽
Java. Руководство для начинающих,Шилдт Герберт,,3 065₽,6 810₽
Алгоритмы. Построение и анализ,Кормен,,7 259₽,16 130₽
Изучай Erlang во имя добра!,Хеберт Фред,,1 947₽,4 326₽
Программируй на Haskell,Курт Уилл,ДМК-Пресс:Функциональное программирование,2 224₽,4 943₽
Алгоритмы на C++,Седжвик Роберт,,4 838₽,10 752₽
Python. Справочник. Полное описание языка,Мартелли,,3 065₽,6 810₽
Основы программирования на языке Python,Златопольский Дмитрий Михайлович,,834₽,1 853₽
Методы научных исследований в программной инженерии,Пантелеев Евгений Рафаилович,Лань:Учебники для вузов. Специальная литература,704₽,1 564₽
Структуры данных в C#. Линейные и нелинейные динамические структуры. Учебное пособие,Симонова Елена Витальевна,Лань:Учебники для вузов. Специальная литература,918₽,2 039₽
Программируем на Python,Доусон Майкл,,1 117₽,1 396₽
HTML5. Карманный справочник,Роббинс Дженнифер,,968₽,2 152₽
Искусство программирования. Том 4А. Комбинаторные алгоритмы. Часть 1,Кнут Дональд Эрвин,,4 838₽,10 752₽
Решение задач на современном C++,Бансила Мариус,,1 529₽,3 397₽
Философия Java,Эккель Брюс,Питер:Классика computer science,2 754₽,3 443₽
Python для сложных задач. Наука о данных и машинное обучение,Плас Дж. Вандер,Питер:Бестселлеры O`Reilly,1 985₽,2 545₽
Разработка программных приложений в среде BlackBox. Учебное пособие,Болотнов Анатолий Миронович,Лань:Учебники для вузов. Специальная литература,911₽,2 025₽
Технологии интеллектуального анализа данных. Учебное пособие,Макшанов,Лань:Учебники для вузов. Специальная литература,1 200₽,2 667₽
Практическое введение в язык программирования Си. Учебное пособие,Солдатенко,Лань:Учебники для вузов. Специальная литература,888₽,1 973₽
Осваиваем C++17 STL. Используйте компоненты стандартной библиотеки в C++17 STL в полной мере,О`Двайр Артур,,1 668₽,3 707₽
Язык программирования C,Керниган,,1 452₽,3 227₽
Python. Карманный справочник,Лутц Марк,,968₽,2 152₽
Искусство программирования. Том 1. Основные алгоритмы,Кнут Дональд Эрвин,,4 274₽,9 498₽
"Шаблоны интеграции корпоративных приложений. Проектирование, создание и развертывание решений",Хоп,,4 274₽,9 498₽
Язык программирования C. Лекции и упражнения,Прата Стивен,,4 274₽,9 498₽
Реализация методов предметно-ориентированного проектирования,Вернон Вон,,3 630₽,8 066₽
Язык программирования Go,Донован,,1 855₽,4 123₽
Java. Полное руководство,Шилдт Герберт,,4 435₽,9 856₽
Шаблоны C++. Справочник разработчика,Вандевурд,,3 065₽,6 810₽
Java Persistence API и Hibernate,Бауэр,,1 529₽,3 397₽
Байесовские модели. Байесовская статистика на языке Python,Дауни Аллен Б.,,1 112₽,2 471₽
Разработка чат-ботов и разговорных интерфейсов,Джанарсанам Срини,,1 391₽,3 091₽
CLR via C#. Программирование на платформе Microsoft .NET Framework 4.5 на языке C#. 4-е издание,Рихтер Джеффри,Питер:Мастер-класс,2 836₽,3 636₽
Грокаем алгоритмы. Иллюстрированное пособие для программистов и любопытствующих,Бхаргава Адитья,Питер:Библиотека программиста,813₽,1 016₽
Ядро ORACLE. Внутреннее устройство для администраторо и разработчиков баз данных,Льюис Джонатан,,1 321₽,2 935₽
Идеальный программист. Как стать профессионалом разработки ПО,Мартин Роберт С.,,647₽,809₽
Site Reliability Engineering. Надежность и безотказность как в Google,Бейер,Питер:Бестселлеры O`Reilly,2 377₽,3 047₽
Akka в действии,Рестенбург,,1 947₽,4 326₽
Искусство создания сценариев в Unity,Торн Алан,,1 391₽,3 091₽
Основы работы с технологией CUDA,Боресков,,834₽,1 853₽
WebGL. Программирование трехмерной графики,Мацуда,,1 668₽,3 707₽
Чистый Python. Тонкости программирования для профи,Бейдер Дэн,Питер:Библиотека программиста,1 548₽,1 985₽
Введение в распределенное моделирование в среде NetLogo,Ершов Николай Михайлович,,1 251₽,2 781₽
"Искусственный интеллект .NET. Речь, язык и поиск",Патак,,1 112₽,2 471₽
Элегантный SciPy,Нуньес-Иглесиас,,1 807₽,4 016₽
Стандартная библиотека Python 3. Справочник с примерами,Хеллман Даг,,4 435₽,9 856₽
Язык декларативного программирования XAML,Подбельский Вадим Валерьевич,,1 321₽,2 935₽
Облачные технологии поддержки решения задач анализа безубыточности. Монография,Смирнов Денис Евгеньевич,,423₽,941₽
C# 7 и .NET Core. Кросс-платформенная разработка для профессионалов,Прайс Марк Дж.,Питер:Библиотека программиста,2 209₽,2 832₽
Компьютерные вирусы и антивирусы. Взгляд программиста,Климентьев Константин Евгеньевич,ДМК-Пресс:Профессиональное программирование,1 391₽,3 091₽
Прикладное программирование. Учебное пособие,Никифоров Сергей Николаевич,Лань:Учебники для вузов. Специальная литература,786₽,1 747₽
Хакинг. Искусство эксплойта,Эриксон Джон,,1 974₽,2 531₽
C# 7.0. Справочник. Полное описание языка,Албахари,,3 065₽,6 810₽
Java SE 9. Базовый курс,Хорстманн Кей С.,,3 065₽,6 810₽
LabVIEW в научных исследованиях,Евдокимов,ДМК-Пресс:Все о LabVIEW,1 042₽,2 316₽
Python. Разработка на основе тестирования,Персиваль Гарри,,2 643₽,5 873₽
"Чистый код. Создание, анализ и рефакторинг",Мартин Роберт С.,,772₽,965₽
Разработка одностраничных веб-приложений,Миковски,,1 391₽,3 091₽
Теоретический минимум по Computer Science. Все что нужно программисту и разработчику,Феррейра Фило Владстон,Питер:Библиотека программиста,727₽,909₽
Программирование искусственного интеллекта в приложениях,Джонс М. Тим,ДМК-Пресс:Для программистов,972₽,2 161₽
Программирование на Ардуино. От простого к сложному,Мамичев Дмитрий Иванович,Солон-пресс:Радиоэлектроника,793₽,1 763₽
Современный Java. Рецепты программирования,Коузен Кен,,1 391₽,3 091₽
Собираем устройства для тестов на проникновение,Бирюков Андрей Александрович,,1 598₽,3 552₽
Объектно Ориентированное Программирование,Гаско Рик,Солон-пресс:Программирование,918₽,2 041₽
Простая Математика для Простых Программистов,Гаско Рик,Солон-пресс:Программирование,765₽,1 701₽
Простой учебник программирования,Гаско Рик,Солон-пресс:Программирование,835₽,1 855₽
Java для чайников,Берд Барри,"Диалектика:Для ""чайников""",1 855₽,4 123₽
Психбольница в руках пациентов. Алан Купер об интерфейсах,Купер Алан,Питер:Библиотека программиста,1 528₽,1 959₽
Глубокое обучение с точки зрения практика,Паттерсон,,2 224₽,4 943₽
Релевантный поиск с использованием Elasticsearch и Solr,Тарнбулл,,1 807₽,4 016₽
Алгоритмы для начинающих. Теория и практика для разработчика,Луридас Панос,Бомбора:Мировой компьютерный бестселлер,1 316₽,1 803₽
Язык С в XXI веке,Клеменс Бен,,1 321₽,2 935₽
Android. Сборник рецептов. Задачи и решения для разработчиков приложений,Дарвин Ян Ф.,,3 065₽,6 810₽
Теория и практика делового общения для разработчиков программного обеспечения и IT-менеджеров,Абельская Раиса Шолемовна,,151₽,336₽
Анализ социальных медиа на Python,Бонцанини Марко,,1 529₽,3 397₽
Глубокое обучение (цветная),Бенджио,,2 781₽,6 179₽
"Прямые и обратные задачи восстановления изображений, спектроскопии и томографии с MatLab (+CD)",Сизиков Валерий Сергеевич,Лань:Учебники для вузов. Специальная литература,2 197₽,4 883₽
Функциональное программирование на JavaScript. Как улучшить код JavaScript-программ,Атенсио Луис,,2 420₽,5 378₽
Разработка операционной системы и компилятора. Проект Оберон,Вирт,ДМК-Пресс:Классика программирования,1 529₽,3 397₽
"Как написать безопасный код на С++, Java, Perl, PHP, ASP.NET",Ховард,,695₽,1 544₽
Scala. Профессиональное программирование,Одерски,Питер:Библиотека программиста,2 480₽,3 179₽
Искусство алгоритмизации,Потопахин Виталий Валерьевич,,765₽,1 700₽
Java 9. Полный обзор нововведений,Кишори Шаран,ДМК-Пресс:Программирование,1 391₽,3 091₽
Kotlin в действии,Жемеров,,1 391₽,3 091₽
Конкурентное программирование на Scala,Прокопец Александр,,1 181₽,2 625₽
Крупномасштабное машинное обучение вместе с Python,Шарден,,1 529₽,3 397₽
Программирование на Clojure,Эмерик,ДМК-Пресс:Функциональное программирование,2 364₽,5 253₽
C# 7.0. Карманный справочник. Скорая помощь для программистов на C# 7.0,Албахари,,968₽,2 152₽
Адаптивный код. Гибкое кодирование с помощью паттернов проектирования и принципов SOLID,Холл Гэри Маклин,,2 420₽,5 378₽
Секреты JavaScript ниндзя,Резиг,,3 065₽,6 810₽
Курс программирования на языке Си. Учебник,Подбельский,,1 391₽,3 091₽
СУБД для программиста. Базы данных изнутри,Тарасов Сергей Витальевич,Солон-пресс:Библиотека профессионала,1 600₽,3 555₽
Объектно-ориентированное программирование в С++,Лафоре Роберт,Питер:Классика computer science,2 539₽,3 255₽
Машинное обучение с использованием библиотеки Н2О,Кук Даррен,,1 112₽,2 471₽
Программирование. Принципы и практика с использованием C++,Страуструп Бьярне,,4 838₽,10 752₽
Библиотека Keras - инструмент глубокого обучения,Джулли,,1 251₽,2 781₽
Визуализация данных с помощью библиотеки D3.js 4.x,Рининсланд,,972₽,2 161₽
Шаблоны корпоративных приложений,Фаулер,,3 630₽,8 066₽
Raspberry Pi. Сборник рецептов. Решение программных и аппаратных задач,Монк Саймон,,2 420₽,5 378₽
Visual C# 2.0.NET. Полное руководство,Прайс,,465₽,1 033₽
Предметно-ориентированное проектирование (DDD). Структуризация сложных программных систем,Эванс Эрик,,4 838₽,10 752₽
C++ для чайников,Дэвис Стефан Рэнди,"Диалектика:Для ""чайников""",1 210₽,2 688₽
Рефакторинг. Улучшение проекта существующего кода,Бек,,3 065₽,6 810₽
Изучаем программирование на Python,Бэрри Пол,Эксмо:Мировой компьютерный бестселлер,1 772₽,2 427₽
Семь баз данных за семь недель. Введение в современные базы данных и идеологию NoSQL,Редмонд,,1 251₽,2 781₽
Шаблоны проектирования Node.JS,Касиаро,,1 598₽,3 552₽
Разработка современных веб-приложений. Анализ предметных областей и технологий,Эспозито Дино,,2 017₽,4 482₽
Vulkan. Руководство разработчика,Селлерс,,1 738₽,3 862₽
Среда динамического моделирования технических систем SimInTech. Практикум по моделированию систем,Карташов,,1 668₽,3 707₽
"Алгоритмы. Справочник с примерами на C, C++, Java и Python",Хайнеман,,2 420₽,5 378₽
Изучаем OpenCV 3,Кэлер,,3 059₽,6 798₽
Семь языков за семь недель. Практическое руководство по изучению языков программирования,Тейт Брюс,,1 181₽,2 625₽
Javascript и jQuery. Интерактивная веб-разработка,Дакетт Джон,Эксмо:Мировой компьютерный бестселлер,2 317₽,3 174₽
Предметно-ориентированное проектирование. Самое основное,Вернон Вон,,1 855₽,4 123₽
Введение в Elixir. Введение в функциональное программирование,Сенлорен,,972₽,2 161₽
Моделирование аукционов,Демешев Борис Борисович,,903₽,2 006₽
Python и машинное обучение,Рашка Себастьян,,2 224₽,4 943₽
Проектирование пользовательского интерфейса в Android,Клифтон Ян,,1 807₽,4 016₽
"Прикладная криптография. Протоколы, алгоритмы и исходный код на C",Шнайер Брюс,,6 048₽,13 440₽
ASP.NET Core MVC с примерами на C# для профессионалов,Фримен Адам,,4 274₽,9 498₽
"Стек, или Путешествие туда и обратно",Вторников Алексей Анатольевич,,626₽,1 390₽
Реактивное программирование с использованием RxJava,Нуркевич,,1 321₽,2 935₽
Изучаем PHP 7. Руководство по созданию интерактивных веб-сайтов,Скляр Дэвид,,2 420₽,5 378₽
Go на практике,Батчер,,1 251₽,2 781₽
Использование Docker,Моуэт Эдриен,,1 381₽,3 069₽
Цифровая обработка сигналов на языке Python,Дауни Аллен Б.,,834₽,1 853₽
Программирование на C++ в примерах и задачах,Васильев Алексей Николаевич,Эксмо-Пресс:Российский компьютерный бестселлер,796₽,1 090₽
Cassandra. Полное руководство,Карпентер,,1 321₽,2 935₽
Изучаем Angular 2,Дилеман Пабло,,972₽,2 161₽
Разработка обслуживаемых программ на языке C#,Виссер Джуст,,903₽,2 006₽
Разработка обслуживаемых программ на языке Java,Виссер Джуст,,903₽,2 006₽
XBRL для чайников,Хоффман,"Диалектика:Для ""чайников""",1 855₽,4 123₽
Разработка геоприложений на языке Python,Вестра Эрик,,1 529₽,3 397₽
Инженерия требований,Халл,,1 251₽,2 781₽
Программирование PIC - микроконтроллеров на PicBasic,Хелибайк Чак,Додека XXI век:Программируемые системы,626₽,1 390₽
Введение в современные САПР. Курс лекций,Малюх Владимир Николаевич,ДМК-Пресс:САПР от А до Я,486₽,1 080₽
Функциональное программирование на F#,Сошников Дмитрий Валерьевич,,765₽,1 700₽
Скользкие места С++. Как избежать проблем  при проектировании и компиляции ваших программ,Дьюхэрст Стефан К.,ДМК-Пресс:Профессиональная серия от Addison-Wesley,765₽,1 700₽
Dart в действии,Баккет Крис,,1 460₽,3 244₽
С для программистов с введением в С11,Дейтел,,1 460₽,3 244₽
Практическое использование Common Lisp,Сайбель Питер,ДМК-Пресс:Функциональное программирование,1 807₽,4 016₽
Сбор данных в Интернете на языке R,Храмов Дмитрий Александрович,,1 181₽,2 625₽
Unity 5.x. Программирование искусственного интеллекта в играх,Паласиос Хорхе,,1 251₽,2 781₽
Программирование микроконтроллеров. Стратегия и тактика,Матюшин Андрей Олегович,,1 529₽,3 397₽
Программирование и отладка С/С++ приложений для микроконтроллеров ARM,Магда Юрий Степанович,,626₽,1 390₽
Эффективное использование С++. 55 верных способов улучшить структуру и код ваших программ,Мэйерс Скотт,,972₽,2 161₽
"Assembler. Для DOS, Windows и Unix",Зубков Сергей Владимирович,ДМК-Пресс:Для программистов,1 391₽,3 091₽
Лямбда-выражения в Java 8. Функциональное программирование - в массы,Уорбэртон Ричард,ДМК-Пресс:Функциональное программирование,834₽,1 853₽
Системная инженерия. Принципы и практика,Косяков,,1 947₽,4 326₽
Оптимизация приложений на платформе .Net,Голдштейн,,1 811₽,4 025₽
Интерфейс. Основы проектирования взаимодействия,Купер,Питер:Для профессионалов,2 266₽,2 905₽
Аналоговые интерфейсы микроконтроллеров,Болл Стюарт Р.,Додека XXI век:Программируемые системы,1 112₽,2 471₽
Практическое использование Vim. Редактируйте текст со скоростью мысли,Нейл Дрю,,1 251₽,2 781₽
Анализ сетей (графов) в среде R. Руководство пользователя,Люк Дуглас А.,,1 460₽,3 244₽
Bootstrap в примерах,Морето Сильвио,,972₽,2 161₽
Изучай Haskell во имя добра!,Липовача Миран,,1 251₽,2 781₽
Matlab & Simulink. Проектирование мехатронных систем на ПК. Учебное пособие для ВУЗов + CD,Герман-Галкин Сергей Германович,Корона-Принт:Учебное пособие,338₽,750₽
Вычислительная геометрия. Алгоритмы и приложения,Де,,2 224₽,4 943₽
Разработка веб-приложений в ReactJS,Хортон,,1 251₽,2 781₽
Введение в статистическое обучение с примерами на языке R,Джеймс,,2 364₽,5 253₽
Современное программирование с нуля!,Потопахин Виталий Валерьевич,ДМК-Пресс:Учебное пособие,1 112₽,2 471₽
Программирование на языке Lua,Иерузалимски Роберту,,1 181₽,2 625₽
Android NDK. Руководство для начинающих,Ретабоуил Сильвен,,1 393₽,3 096₽
Скрапинг веб-сайтов с помощью Python. Сбор данных из современного интернета,Митчелл Райан,,1 181₽,2 625₽
PIC-микроконтроллеры: архитектура и программирование,Предко Майкл,,1 251₽,2 781₽
C# 6.0. Справочник. Полное описание языка,Албахари,,3 065₽,6 810₽
LabVIEW: стиль программирования,Блюм Питер,ДМК-Пресс:LabVIEW,626₽,1 390₽
Искусство автономного тестирования с примерами на С#,Ошероув Рой,,1 529₽,3 397₽
Графовые базы данных. Новые возможности для работы,Робинсон,,1 042₽,2 316₽
Руководство по микропроцессорному обеспечению,,,1 321₽,2 935₽
Чисто функциональные структуры данных,Окасаки Крис,,1 112₽,2 471₽
Программирование компьютерного зрения на языке Python,Солем Ян Эрик,,1 251₽,2 781₽
"UML Проектирование систем реального времени, распределенных и параллельных приложений",Гома Хассан,,1 738₽,3 862₽
"Периферийные устройства: интерфейсы, схемотехника, программирование",Авдеев Вадим Александрович,ДМК-Пресс:Все о радиоэлектронике,1 947₽,4 326₽
Анализ больших наборов данных,Лесковец,,2 085₽,4 634₽
Построение компиляторов,Вирт Никлаус,,695₽,1 544₽
Современный PHP. Новые возможности и передовой опыт,Локхарт Джош,,1 181₽,2 625₽
MATLAB. Теория и практика,Гилат Амос,,1 668₽,3 707₽
Наиболее эффективное использование С++. 35 новых рекомендаций  по улучшению ваших программ,Мейерс Скотт,ДМК-Пресс:Для программистов,972₽,2 161₽
Численные методы анализа и линейной алгебры. Использование Matlab и Scilab. Учебное пособие,Квасов Борис Ильич,Лань:Учебники для вузов. Специальная литература,1 175₽,2 611₽
Введение в надежное и безопасное распределенное программирование,Качина,,4 016₽,
C# 6.0. Карманный справочник,Албахари,,485₽,1 077₽
Разработка веб-приложений с использованием Flask на языке Python,Гринберг Мигель,,1 251₽,2 781₽
Введение в ECMAScript 6,Прасти Нараян,,695₽,1 544₽
Программирование мобильных устройств на платформе .Net Compact Framework,Самре Иво,,565₽,1 255₽
"Разработка приложений для iPhone, iPad и iPod touch с использованием iOS SDK",Марк,,1 210₽,2 688₽
Silverlight 5 с примерами на C# для профессионалов,Мак-Дональд Мэтью,,1 452₽,3 227₽
Java EE 7. Основы,Гупта Арун,,726₽,1 613₽
Java SE 8. Вводный курс,Хорстманн Кей С.,,726₽,1 613₽
Joomla! Для профессионалов,Рамел Дэн,,1 210₽,2 688₽
Microsoft Exchange Server 2013. Полное руководство,Моримото,,2 420₽,5 378₽
WinRT. программирование на C# для профессионалов,Рихтер,,1 210₽,2 688₽
"Программирование для iOS 7. Основы Objective-C, Xcode и Cocoa",Нойбург Мэтт,,968₽,2 152₽
Руководство для программиста на Java. 75 рекомендаций по написанию надежных и защищенных программ,Лонг,,646₽,1 435₽
C# 5.0 и платформа .NET 4.5 для профессионалов,Глинн,,1 855₽,4 123₽
Python на практике. Создание качественных программ с использованием параллелизма и библиотек,Саммерфилд Марк,ДМК-Пресс:Профессиональная серия программиста,1 112₽,2 471₽
Линейное программирование. Руководство к решению задач,Лунгу Константин Никитович,,219₽,487₽
Поисковая адаптация. Теория и практика,Курейчик,Физматлит:Информационные и компьютерные технологии,386₽,858₽
Методы оптимальных решений. В 2 томах. Том 2. Многокритериальность. Динамика. Неопределенность,Токарев Владислав Васильевич,,898₽,1 996₽
Компьютерное моделирование логических процессов. Архитектура и язык решателя задач,Подколзин Александр Сергеевич,,998₽,2 218₽
Обработка естественного языка на Java,Риз Ричард,,1 238₽,2 750₽
Теория вычислений для программистов,Стюарт Том,ДМК-Пресс:Теория программирования,1 112₽,2 471₽
Искусство поиска решения в нестандартной задаче,Потопахин Виталий Валерьевич,ДМК-Пресс:Прикладное программирование,1 112₽,2 471₽
Автоматизированные информационно-управляющие системы с применением SCADA-системы TRACE MODE,Пьявченко Тамила Алексеевна,Лань:Учебники для вузов. Специальная литература,1 439₽,3 198₽
ATDD. Разработка программного обеспечения через приемочные тесты. Практический подход,Гэртнер Маркус,,903₽,2 006₽
Полезное программирование. Уникальное руководство,Комлев Николай Юрьевич,Солон-пресс:Библиотека профессионала,696₽,1 546₽
Matlab и Simulink для радиоинженеров,Дьяконов Владимир Павлович,ДМК-Пресс:Математика и Matlab,2 364₽,5 253₽
Справочник по языку Haskell,Душкин Роман Викторович,,903₽,2 006₽
Программирование на ассемблере на платформе x86-64,Аблязов Руслан Зуфярович,,1 181₽,2 625₽
Семантический веб,Антониоу,,834₽,1 853₽
Функциональное программирование на языке Haskell,Душкин Роман Викторович,,1 529₽,3 397₽
Программирование на языке Go. Разработка приложений XXI века,Саммерфильд Марк,ДМК-Пресс:Профессиональное программирование,1 529₽,3 397₽
Разработка программного обеспечения: управление изменениями,Белладжио,,579₽,1 286₽
От математики к обобщенному программированию,Степанов,,1 251₽,2 781₽
Изучаем программирование на JavaScript,Фримен,Питер:Head First (O'Reilly),2 735₽,3 506₽
Путь Ruby,Фултон,ДМК-Пресс:Профессиональная серия программиста,1 947₽,4 326₽
Программирование на Objective-C,Кочан Стивен,Эком:Библиотека разработчика,1 391₽,3 092₽
Изучаем Spark,Карау,,1 181₽,2 625₽
Статистический анализ и визуализация данных с помощью R,Мастицкий,,1 391₽,3 091₽
LLVM. Инфраструктура для разработки компиляторов,Кардос,,1 181₽,2 625₽
Современный Фортран на практике,Маркус Арьен,,1 042₽,2 316₽
Программирование в Clojure. Практика применения Lisp в мире Java,Эмерик,ДМК-Пресс:Функциональное программирование,2 364₽,5 253₽
Квантовые вычисления и функциональное программирование,Душкин Роман Викторович,ДМК-Пресс:Функциональное программирование,765₽,1 700₽
Создание облачных и мобильных приложений на языке F#,Мол Дэниел,ДМК-Пресс:Функциональное программирование,555₽,1 234₽
"Проектирование на ПЛИС. Архитектура, средства и методы. Курс молодого бойца",Максфилд Клайв,ДМК-Пресс:Программируемые системы,1 391₽,3 091₽
Программирование микроконтроллеров ATMEL на языке C,Прокопенко Вадим Сергеевич,,634₽,1 408₽
Семь моделей конкуренции и параллелизма за семь недель,Батчер Пол,,1 251₽,2 781₽
Адаптивные и инвариантные алгоритмы обнаружения объектов на изображениях и их моделирование в Matla,Волков Владимир Юрьевич,,900₽,2 001₽
Дневник охотника за ошибками. Путешествие через джунгли проблем безопасности программного обеспеч.,Клейн Тобиас,,1 112₽,2 471₽
Введение в UML от создателей языка,Рамбо,ДМК-Пресс:Классика программирования,1 251₽,2 781₽
Silverlight 4. Создание насыщенных Web-приложений,Байдачный Сергей Сергеевич,Солон-пресс:Библиотека профессионала,368₽,817₽
EJB 3 в действии,Панда,ДМК-Пресс:Программирование в действии,1 391₽,3 091₽
"Обработка неструктурированных текстов. Поиск, организация и манипулирование",Ингерсолл,ДМК-Пресс:Программирование в действии,1 321₽,2 935₽
Жемчужины проектирования алгоритмов. Функциональный подход. С примерами на языке Haskell,Бёрд Ричард,,1 181₽,2 625₽
Практика программирования на языке Паскаль. Задачи и решения,Медведик Владимир Иванович,,1 391₽,3 091₽
Методы обработки и распознавания изображений лиц в задачах биометрии,Кухарев,,1 257₽,
Введение в теорию языков программирования,Довек,,555₽,1 234₽
Spring в действии,Уоллс Крейг,ДМК-Пресс:Программирование в действии,1 738₽,3 862₽
Программирование на языке OCaml,Мински,ДМК-Пресс:Функциональное программирование,2 224₽,4 943₽
Платформа Windows Azure,Редкар,,1 112₽,2 471₽
"За пределами ""Linux с нуля"". Версия 7.4. Том 2",,,1 529₽,3 397₽
.NET Сетевое программирование,Кумар,,871₽,1 936₽
Моделирование электротехнических устройств в MATLAB. SimPowerSystems и Simulink,Черных Илья Викторович,ДМК-Пресс:Проектирование,555₽,1 234₽
Java. Эффективное программирование,Блох Джошуа,,1 287₽,2 860₽
Разработка веб-приложений с использованием AngularJS,Козловский,,903₽,2 006₽
"Принципы построения, применения и проектирования компьютерной платформы U-SYS",Росляков,Солон-пресс:Библиотека студента,222₽,493₽
Разработка приложений Java EE 6 в NetBeans 7,Хеффельфингер Дэвид,,834₽,1 853₽
Курс практического программирования в Delphi. Объектно – ориентированное программирование. Практикум,Санников Е. В.,Солон-пресс:Элективный курс. Профильное обучение,581₽,1 290₽
C++ AMP. Построение массивно параллельных программ с помощью Microsoft Visual C++,Грегори,,972₽,2 161₽
Оптимизация производительности приложений для iOS. Для профессионалов,Во Ханг,,637₽,1 416₽
Структуры данных и алгоритмы в Java. Классика Computers Science,Лафоре Роберт,Питер:Классика computer science,2 830₽,3 628₽
Звуковой дизайн в видеоиграх. Технология игрового аудио для непрограммистов,Деникин Антон Анатольевич,,1 529₽,3 397₽
Создание web-приложений в Silverlight,Буньон Лоран,,519₽,1 153₽
С++ для начинающих,Шилдт Герберт,Эком:Шаг за шагом,1 067₽,2 371₽
Профессиональное программирование приложений для iPhone и iPad,Баклин Джин,Эксмо:Мировой компьютерный бестселлер,1 010₽,1 384₽
PHP. Создание динамических страниц,Пауэрс Дэвид,Рид Групп:Веб-технологии,1 135₽,1 555₽
Изучаем Java,Сьерра,Эксмо:Мировой компьютерный бестселлер,1 680₽,2 302₽
Macromedia Authorware 6.0. Разработка мультимедийных учебных курсов,Гультяев Алексей Константинович,,186₽,414₽
Руководство разработчика по Microsoft Enterprise Library,Хоумер,,467₽,1 038₽
Groovy и Grails. Практические советы,Абдул-Джавад Башар,,2 317₽,5 149₽
Микрокомпьютерные системы управления. Первое знакомство,Суэмацу Есикадзу,,1 251₽,2 781₽
Silverlight 2. Технология создания интернет-приложений,Буньон Лоран,,417₽,927₽
